Sample,AF,Change,VP,Patient,Sample ID,Day,Sequencing Method,Serotype
SRR8356913,31.81,G89D,3,S03,BAL3,28,PCR-tiling,B97
SRR8356913,15.4,T180I,3,S03,BAL3,28,PCR-tiling,B97
SRR8356913,15.2,N198S,1,S03,BAL3,28,PCR-tiling,B97
SRR8356913,30.28,I224M,1,S03,BAL3,28,PCR-tiling,B97
SRR8356917,20.61,T180I,3,S03,NW3,29,mNGS + PCR-tiling,B97
SRR8356917,33.78,I224M,1,S03,NW3,29,mNGS + PCR-tiling,B97
SRR8356925,26.26,N166K,2,S09,BAL9b,12,mNGS,A102
SRR8356925,58.71,Q185R,3,S09,BAL9b,12,mNGS,A102
SRR8356925,27.27,K275E,1,S09,BAL9b,12,mNGS,A102
SRR8356926,24.24,T74A,2,S09,BAL9a,0,mNGS,A102
SRR8356926,25.74,I123V,2,S09,BAL9a,0,mNGS,A102
SRR8356905,11.81,T137I,2,S08,BAL8,13,mNGS,A78
SRR8356905,14.89,V140I,2,S08,BAL8,13,mNGS,A78
SRR8356905,22.37,I155T,2,S08,BAL8,13,mNGS,A78
SRR8356905,24.84,N164S,2,S08,BAL8,13,mNGS,A78
SRR8356905,11.21,S104N,3,S08,BAL8,13,mNGS,A78
SRR8356905,100.0,M154I,1,S08,BAL8,13,mNGS,A78
SRR8356905,13.58,T219A,1,S08,BAL8,13,mNGS,A78
SRR8356905,21.21,Y263H,1,S08,BAL8,13,mNGS,A78
SRR8356916,16.63,S160L,2,S08,NW8,0,mNGS,A78
SRR8356916,37.73,M154I,1,S08,NW8,0,mNGS,A78
SRR8356924,97.09,N145K,2,S10,BAL10b,190,mNGS,A39
SRR8356924,96.13,H29Q,3,S10,BAL10b,190,mNGS,A39
SRR8356924,87.1,P25S,1,S10,BAL10b,190,mNGS,A39
SRR8356924,12.11,M141T,1,S10,BAL10b,190,mNGS,A39
SRR8356924,53.93,V244I,1,S10,BAL10b,190,mNGS,A39
SRR8356907,10.26,V57A,4,S05,BAL5,20,mNGS,A57
SRR8356907,10.13,S261N,2,S05,BAL5,20,mNGS,A57
SRR8356907,32.11,T260K,1,S05,BAL5,20,mNGS,A57
SRR8356930,11.99,K232Q,1,S05,NW5,15,mNGS,A57
SRR8356908,82.63,V200I,2,S04,BAL4,9,mNGS + PCR-tiling,B06
SRR8356908,12.2,E95G,1,S04,BAL4,9,mNGS + PCR-tiling,B06
SRR8356908,10.02,N198S,1,S04,BAL4,9,mNGS + PCR-tiling,B06
SRR8356908,79.01,T265A,1,S04,BAL4,9,mNGS + PCR-tiling,B06
SRR8356908,20.55,K282R,1,S04,BAL4,9,mNGS + PCR-tiling,B06
SRR8356919,40.86,V200I,2,S04,NW4,8,PCR-tiling,B06
SRR8356919,28.5,D177E,3,S04,NW4,8,PCR-tiling,B06
SRR8356919,17.68,G3D,1,S04,NW4,8,PCR-tiling,B06
SRR8356919,13.48,N61S,1,S04,NW4,8,PCR-tiling,B06
SRR8356919,24.26,E95G,1,S04,NW4,8,PCR-tiling,B06
SRR8356919,15.52,P155S,1,S04,NW4,8,PCR-tiling,B06
SRR8356919,36.68,D220H,1,S04,NW4,8,PCR-tiling,B06
SRR8356919,42.08,T265A,1,S04,NW4,8,PCR-tiling,B06
SRR8356920,10.23,E64V,1,S02,NW2,0,mNGS,C36
SRR8356920,10.23,E64V,1,S02,NW2,0,mNGS,C36
SRR8356920,10.23,E64V,1,S02,NW2,0,mNGS,C36
SRR8356927,100.0,R192K,1,S12,BAL12b,108,mNGS,C28
SRR8356927,99.11,I32V,2,S12,BAL12b,108,mNGS,C28
SRR8356927,88.36,G137S,2,S12,BAL12b,108,mNGS,C28
SRR8356928,32.22,K140E,1,S12,BAL12a,72,mNGS,C28
SRR8356928,13.35,V189I,1,S12,BAL12a,72,mNGS,C28
SRR8356928,46.5,G137S,2,S12,BAL12a,72,mNGS,C28
SRR8356906,37.25,I28V,2,S11,BAL11a,30,mNGS + PCR-tiling,A82
SRR8356906,16.0,T188I,1,S11,BAL11a,30,mNGS + PCR-tiling,A82
SRR8356915,18.88,E45G,4,S11,NW11,83,mNGS + PCR-tiling,A82
SRR8356915,28.47,F46L,4,S11,NW11,83,mNGS + PCR-tiling,A82
SRR8356915,99.4,I28V,2,S11,NW11,83,mNGS + PCR-tiling,A82
SRR8356915,12.16,A29T,2,S11,NW11,83,mNGS + PCR-tiling,A82
SRR8356915,41.57,R73G,2,S11,NW11,83,mNGS + PCR-tiling,A82
SRR8356915,13.4,E161G,2,S11,NW11,83,mNGS + PCR-tiling,A82
SRR8356915,16.26,T163A,2,S11,NW11,83,mNGS + PCR-tiling,A82
SRR8356915,44.44,T163I,2,S11,NW11,83,mNGS + PCR-tiling,A82
SRR8356915,11.04,Y165S,2,S11,NW11,83,mNGS + PCR-tiling,A82
SRR8356915,15.95,V209I,2,S11,NW11,83,mNGS + PCR-tiling,A82
SRR8356915,13.99,V209A,2,S11,NW11,83,mNGS + PCR-tiling,A82
SRR8356915,10.4,Y57C,3,S11,NW11,83,mNGS + PCR-tiling,A82
SRR8356915,20.3,A171V,3,S11,NW11,83,mNGS + PCR-tiling,A82
SRR8356915,38.84,E91G,1,S11,NW11,83,mNGS + PCR-tiling,A82
SRR8356915,55.61,D136G,1,S11,NW11,83,mNGS + PCR-tiling,A82
SRR8356915,99.85,T188I,1,S11,NW11,83,mNGS + PCR-tiling,A82
SRR8356915,18.26,D215N,1,S11,NW11,83,mNGS + PCR-tiling,A82
SRR8356922,99.54,I28V,2,S11,BAL11b,73,PCR-tiling,A82
SRR8356922,12.05,R73G,2,S11,BAL11b,73,PCR-tiling,A82
SRR8356922,44.88,T163I,2,S11,BAL11b,73,PCR-tiling,A82
SRR8356922,42.19,Y165S,2,S11,BAL11b,73,PCR-tiling,A82
SRR8356922,47.33,E91G,1,S11,BAL11b,73,PCR-tiling,A82
SRR8356922,35.59,D136G,1,S11,BAL11b,73,PCR-tiling,A82
SRR8356922,99.8,T188I,1,S11,BAL11b,73,PCR-tiling,A82
SRR8356922,31.3,D215H,1,S11,BAL11b,73,PCR-tiling,A82
SRR8356923,79.9,E159G,2,S11,BAL11c,90,PCR-tiling,A82
SRR8356923,18.59,S103C,3,S11,BAL11c,90,PCR-tiling,A82
SRR8356923,47.64,S103N,3,S11,BAL11c,90,PCR-tiling,A82
SRR8356923,97.12,T188I,1,S11,BAL11c,90,PCR-tiling,A82
SRR8356923,85.72,V203A,1,S11,BAL11c,90,PCR-tiling,A82
SRR8356909,25.0,T237A,3,S07,BAL7a,0,mNGS+ PCR-tiling,A58
SRR8356910,45.79,S76T,2,S07,BAL7b,68,mNGS+ PCR-tiling,A58
SRR8356910,33.33,S74T,3,S07,BAL7b,68,mNGS+ PCR-tiling,A58
SRR8356910,47.06,A139V,3,S07,BAL7b,68,mNGS+ PCR-tiling,A58
SRR8356910,45.1,V154I,1,S07,BAL7b,68,mNGS+ PCR-tiling,A58
SRR8356910,44.44,D270N,1,S07,BAL7b,68,mNGS+ PCR-tiling,A58
SRR8356914,100.0,S76T,2,S07,NW7,13,mNGS,A58
SRR8356929,26.52,V110I,2,S06,NW6,71,mNGS + PCR-tiling,A105
SRR8356929,12.72,K145R,2,S06,NW6,71,mNGS + PCR-tiling,A105
SRR8356929,27.69,A203T,1,S06,NW6,71,mNGS + PCR-tiling,A105
SRR8356929,16.58,Q226R,1,S06,NW6,71,mNGS + PCR-tiling,A105
