VP,residue,REF,site,article
2,158,HRV-B14,NIm-II,2416951
2,159,HRV-B14,NIm-II,2416951
2,161,HRV-B14,NIm-II,2416951
2,162,HRV-B14,NIm-II,2416951
3,72,HRV-B14,NIm-III,2416951
3,75,HRV-B14,NIm-III,2416951
3,78,HRV-B14,NIm-III,2416951
1,91,HRV-B14,NIm-IA,2416951
1,95,HRV-B14,NIm-IA,2416951
1,85,HRV-B14,NIm-IB,2416951
1,83,HRV-B14,NIm-IB,2416951
1,138,HRV-B14,NIm-IB,2416951
1,139,HRV-B14,NIm-IB,2416951
1,85,HRV-A2,Vp1,1693662
1,86,HRV-A2,Vp1,1693662
1,92,HRV-A2,Vp1,1693662
1,264,HRV-A2,Vp1,1693662
1,267,HRV-A2,Vp1,1693662
1,268,HRV-A2,Vp1,1693662
1,269,HRV-A2,Vp1,1693662
1,276,HRV-A2,Vp1,1693662
1,278,HRV-A2,Vp1,1693662
2,163,HRV-A2,Vp2,1693662
2,164,HRV-A2,Vp2,1693662
2,236,HRV-A2,Vp2,1693662
2,238,HRV-A2,Vp2,1693662
3,59,HRV-A2,Vp2,1693662