Sample,AF,Change,VP,Patient,Sample ID,Day,Sequencing Method,Serotype,ChangeNum,Group,1AYM_Position,1AYM_Position_Relative,SurfaceArea,iSNV,Serotype_AB,x,y,red,uc,sst,r,phi,psi,sasa,num_int,identity,ass_ene,solv_ene,bsa,cat,subunit
SRR8356913,31.81,G89D,3,S03,BAL3,28.0,PCR-tiling,B97,89.0,12-30,420.0,91.0,,Yes,B,286,211,SER,,Turn,137,57,14,6.2,,-,0.0,0.0,0.0,core,B
SRR8356913,15.2,N198S,1,S03,BAL3,28.0,PCR-tiling,B97,198.0,12-30,758.0,191.0,,Yes,B,322,176,TYR,1.0,Strand,129,51,28,2.7,5.0,-,-0.92,0.15,64.25,interface,A
SRR8356917,20.61,T180I,3,S03,NW3,29.0,mNGS + PCR-tiling,B97,180.0,12-30,511.0,182.0,,Yes,B,264,215,THR,2.0,310Helix,138,79,11,76.0,2.0,-,-1.36,-0.63,65.43,interface,B
SRR8356917,33.78,I224M,1,S03,NW3,29.0,mNGS + PCR-tiling,B97,224.0,12-30,784.0,217.0,,Yes,B,299,151,LEU,,Strand,137,68,31,5.2,,-,0.0,0.0,0.0,core,A
SRR8356908,82.63,V200I,2,S04,BAL4,9.0,mNGS + PCR-tiling,B06,200.0,9,269.0,201.0,,Yes,B,341,208,ILE,7.0,Strand,121,30,26,0.5,1.0,-,-0.17,-0.12,6.79,interface,C
SRR8356908,79.01,T265A,1,S04,BAL4,9.0,mNGS + PCR-tiling,B06,265.0,9,825.0,258.0,,Yes,B,311,176,HIS,1.0,Turn,146,56,26,37.0,3.0,-,-2.89,0.02,105.85,interface,A
SRR8356919,28.5,D177E,3,S04,NW4,8.0,PCR-tiling,B06,177.0,8,508.0,179.0,,Yes,B,275,202,THR,2.0,Turn,135,71,15,20.6,2.0,-,-0.9,-0.53,39.3,interface,B
SRR8356919,13.48,N61S,1,S04,NW4,8.0,PCR-tiling,B06,61.0,8,628.0,61.0,,Yes,B,276,199,THR,2.0,Bridge,115,71,16,5.2,1.0,-,-0.37,0.23,31.37,interface,A
SRR8356919,24.26,E95G,1,S04,NW4,8.0,PCR-tiling,B06,95.0,8,656.0,89.0,,Yes,B,293,138,ASN,,AlphaHelix,153,73,34,82.8,,-,0.0,0.0,0.0,surfout,A
SRR8356919,15.52,P155S,1,S04,NW4,8.0,PCR-tiling,B06,155.0,8,714.0,147.0,,Yes,B,317,148,PRO,1.0,Turn,134,61,34,17.6,3.0,-,-1.48,-0.71,70.6,interface,A
SRR8356919,36.68,D220H,1,S04,NW4,8.0,PCR-tiling,B06,220.0,8,780.0,213.0,,Yes,B,316,159,ASP,1.0,Coil,134,59,31,47.6,1.0,-,-0.57,-0.22,28.95,interface,A
SRR8356920,10.23,E64V,1,S02,NW2,0.0,mNGS,C36,64.0,0,631.0,64.0,,Yes,C,280,188,GLU,1.0,310Helix,121,71,19,33.9,4.0,-,-4.21,1.71,152.04,interface,A
SRR8356927,99.11,I32V,2,S12,BAL12b,108.0,mNGS,C28,32.0,68+,100.0,32.0,,Yes,C,332,213,VAL,1.0,Strand,122,30,23,10.2,1.0,-,-0.86,-0.61,34.03,interface,C
SRR8356927,88.36,G137S,2,S12,BAL12b,108.0,mNGS,C28,137.0,68+,205.0,137.0,,Yes,C,322,184,LYS,,Turn,151,48,26,50.8,,-,0.0,0.0,0.31,surfout,C
SRR8356928,32.22,K140E,1,S12,BAL12a,72.0,mNGS,C28,140.0,68+,718.0,151.0,,Yes,C,309,145,ILE,,Coil,142,65,34,63.5,,-,0.0,0.0,0.0,surfout,A
SRR8356928,13.35,V189I,1,S12,BAL12a,72.0,mNGS,C28,189.0,68+,769.0,202.0,,Yes,C,340,174,TYR,,Turn,149,45,32,150.3,,-,-1.06,-0.35,55.56,surfout,A
SRR8356925,26.26,N166K,2,S09,BAL9b,12.0,mNGS,A102,,12-30,232.0,164.0,10%,Yes,A,331,183,LYS,,Turn,149,45,28,52.4,,-,-1.19,0.18,35.54,surfout,C
SRR8356925,58.71,Q185R,3,S09,BAL9b,12.0,mNGS,A102,,12-30,514.0,185.0,5%,Yes,A,271,217,SER,,Coil,134,69,11,37.9,,-,-0.03,0.03,3.11,surfout,B
SRR8356925,27.27,K275E,1,S09,BAL9b,12.0,mNGS,A102,,12-30,834.0,267.0,35%,Yes,A,307,195,SER,,Turn,153,51,21,61.4,,-,0.0,0.0,0.0,surfout,A
SRR8356926,24.24,T74A,2,S09,BAL9a,0.0,mNGS,A102,,0,142.0,74.0,61%,Yes,A,331,219,THR,,Turn,149,27,22,117.2,,-,0.0,0.0,0.0,surfout,C
SRR8356926,25.74,I123V,2,S09,BAL9a,0.0,mNGS,A102,,0,191.0,123.0,0%,Yes,A,325,215,LEU,,Strand,134,31,21,0.0,,-,-0.03,-0.02,1.21,core,C
SRR8356905,14.89,V140I,2,S08,BAL8,13.0,mNGS,A78,,12-30,208.0,140.0,12%,Yes,A,322,179,VAL,,Turn,149,50,27,40.0,,-,0.0,0.0,0.01,surfout,C
SRR8356905,22.37,I155T,2,S08,BAL8,13.0,mNGS,A78,,12-30,223.0,155.0,19%,Yes,A,338,208,GLU,,Strand,146,31,25,65.2,,-,0.0,0.0,0.0,surfout,C
SRR8356905,24.84,N164S,2,S08,BAL8,13.0,mNGS,A78,,12-30,230.0,162.0,43%,Yes,A,332,189,ASN,,Turn,153,42,27,78.0,,-,0.0,0.0,0.0,surfout,C
SRR8356905,11.21,S104N,3,S08,BAL8,13.0,mNGS,A78,,12-30,433.0,104.0,0%,Yes,A,286,199,SER,,AlphaHelix,132,63,17,0.1,,-,0.0,0.0,0.0,core,B
SRR8356905,13.58,T219A,1,S08,BAL8,13.0,mNGS,A78,,12-30,783.0,216.0,0%,Yes,A,306,150,THR,,Strand,138,65,32,6.2,,-,0.0,0.0,0.0,core,A
SRR8356905,21.21,Y263H,1,S08,BAL8,13.0,mNGS,A78,,12-30,827.0,260.0,0%,Yes,A,315,170,HIS,,Turn,138,56,28,18.3,,-,-0.11,-0.06,4.93,surfout,A
SRR8356924,97.09,N145K,2,S10,BAL10b,190.0,mNGS,A39,,68+,213.0,145.0,52%,Yes,A,343,187,LYS,,310Helix,147,39,30,129.6,,-,-0.29,-0.21,11.58,surfout,C
SRR8356924,96.13,H29Q,3,S10,BAL10b,190.0,mNGS,A39,,68+,358.0,29.0,82%,Yes,A,315,151,HIS,1.0,Coil,116,61,33,13.9,3.0,-,-3.69,-0.51,156.53,interface,B
SRR8356924,87.1,P25S,1,S10,BAL10b,190.0,mNGS,A39,,68+,592.0,25.0,62%,Yes,A,283,255,PRO,1.0,Coil,115,2,7,63.5,1.0,-,-1.2,-0.85,47.5,interface,A
SRR8356924,12.11,M141T,1,S10,BAL10b,190.0,mNGS,A39,,68+,707.0,140.0,0%,Yes,A,283,142,MET,,Strand,140,77,32,0.0,,-,0.0,0.0,0.0,core,A
SRR8356924,53.93,V244I,1,S10,BAL10b,190.0,mNGS,A39,,68+,810.0,243.0,1%,Yes,A,301,174,THR,,Strand,120,62,25,13.0,,-,0.0,0.0,0.11,core,A
SRR8356907,10.13,S261N,2,S05,BAL5,20.0,mNGS,A57,,12-30,326.0,258.0,10%,Yes,A,356,177,THR,1.0,Coil,137,39,35,10.2,1.0,-,-1.09,-0.71,45.16,interface,C
SRR8356907,32.11,T260K,1,S05,BAL5,20.0,mNGS,A57,,12-30,826.0,259.0,0%,Yes,A,310,171,THR,1.0,Turn,141,58,27,6.5,2.0,-,-0.71,-0.05,44.13,interface,A
SRR8356930,11.99,K232Q,1,S05,NW5,15.0,mNGS,A57,,12-30,798.0,231.0,31%,Yes,A,281,152,LYS,2.0,Strand,150,77,29,54.4,1.0,-,-0.63,0.06,19.07,interface,A
SRR8356915,12.16,A29T,2,S11,NW11,83.0,mNGS + PCR-tiling,A82,,68+,97.0,29.0,0%,Yes,A,332,229,ALA,1.0,Coil,124,20,21,10.4,2.0,-,-0.91,-0.57,38.85,interface,C
SRR8356915,41.57,R73G,2,S11,NW11,83.0,mNGS + PCR-tiling,A82,,68+,141.0,73.0,23%,Yes,A,330,225,SER,,Turn,148,23,21,56.5,,-,0.0,0.0,0.0,surfout,C
SRR8356915,13.4,E161G,2,S11,NW11,83.0,mNGS + PCR-tiling,A82,,68+,228.0,160.0,82%,Yes,A,335,198,VAL,,Coil,155,37,26,148.1,,-,0.0,0.0,0.0,surfout,C
SRR8356915,15.95,V209I,2,S11,NW11,83.0,mNGS + PCR-tiling,A82,,68+,276.0,208.0,6%,Yes,A,334,172,VAL,1.0,Turn,123,48,31,17.1,4.0,-,-2.21,-1.57,87.45,interface,C
SRR8356915,10.4,Y57C,3,S11,NW11,83.0,mNGS + PCR-tiling,A82,,68+,386.0,57.0,0%,Yes,A,301,215,SER,1.0,Turn,144,43,16,0.0,2.0,-,-0.55,0.01,35.68,interface,B
SRR8356915,20.3,A171V,3,S11,NW11,83.0,mNGS + PCR-tiling,A82,,68+,501.0,172.0,70%,Yes,A,260,222,ALA,2.0,Turn,125,84,9,6.0,3.0,-,-2.21,-1.08,105.11,interface,B
SRR8356915,55.61,D136G,1,S11,NW11,83.0,mNGS + PCR-tiling,A82,,68+,701.0,134.0,63%,Yes,A,264,143,HIS,1.0,Coil,152,86,31,56.5,3.0,-,-2.21,-0.46,107.23,interface,A
SRR8356915,99.85,T188I,1,S11,NW11,83.0,mNGS + PCR-tiling,A82,,68+,753.0,186.0,53%,Yes,A,324,161,ILE,1.0,Turn,126,55,32,3.0,5.0,-,-4.58,-2.6,204.3,interface,A
SRR8356922,99.54,I28V,2,S11,BAL11b,73.0,PCR-tiling,A82,,68+,96.0,28.0,0%,Yes,A,340,231,VAL,,Turn,124,17,23,3.5,,-,0.0,0.0,0.11,core,C
SRR8356923,79.9,E159G,2,S11,BAL11c,90.0,PCR-tiling,A82,,68+,227.0,159.0,29%,Yes,A,336,199,GLN,,Coil,150,36,26,82.1,,-,0.0,0.0,0.0,surfout,C
SRR8356923,85.72,V203A,1,S11,BAL11c,90.0,PCR-tiling,A82,,68+,768.0,201.0,34%,Yes,A,342,175,THR,,Turn,145,44,32,61.1,,-,-0.47,-0.24,21.53,surfout,A
SRR8356909,25.0,T237A,3,S07,BAL7a,0.0,mNGS+ PCR-tiling,A58,,0,566.0,237.0,40%,Yes,A,305,172,THR,1.0,Coil,146,60,26,73.7,1.0,-,-0.6,0.3,48.93,interface,B
SRR8356910,33.33,S74T,3,S07,BAL7b,68.0,mNGS+ PCR-tiling,A58,,68+,403.0,74.0,23%,Yes,A,310,249,PRO,1.0,Coil,146,8,14,35.9,1.0,-,-0.5,-0.36,20.02,interface,B
SRR8356910,47.06,A139V,3,S07,BAL7b,68.0,mNGS+ PCR-tiling,A58,,68+,468.0,139.0,65%,Yes,A,272,234,GLY,,Coil,139,55,7,45.2,,-,0.0,0.0,0.0,surfout,B
SRR8356914,100.0,S76T,2,S07,NW7,13.0,mNGS,A58,,12-30,144.0,76.0,27%,Yes,A,327,211,LYS,,Coil,146,33,22,107.5,,-,0.0,0.0,0.0,surfout,C
SRR8356929,26.52,V110I,2,S06,NW6,71.0,mNGS + PCR-tiling,A105,,68+,178.0,110.0,0%,Yes,A,343,218,VAL,,Strand,131,24,25,0.0,,-,0.0,0.0,0.0,core,C
SRR8356929,16.58,Q226R,1,S06,NW6,71.0,mNGS + PCR-tiling,A105,,68+,792.0,225.0,49%,Yes,A,282,136,GLU,,Coil,153,78,34,107.0,,-,-0.17,0.14,15.58,surfout,A
,,,4,,,,,,,,,1.0,,No,,280,145,GLY,1.0,Coil,108,78,31,26.9,2.0,-,-1.89,-1.04,85.72,interface,D
,,,4,,,,,,,,,2.0,,No,,277,148,ALA,1.0,Strand,105,79,30,1.8,1.0,-,-1.08,-0.3,59.33,interface,D
,,,4,,,,,,,,,3.0,,No,,281,159,GLN,1.0,Strand,103,76,27,47.1,1.0,-,-1.23,-0.55,60.3,interface,D
,,,4,,,,,,,,,4.0,,No,,273,154,VAL,1.0,Strand,101,81,28,30.5,1.0,-,-1.14,-0.42,58.67,interface,D
,,,4,,,,,,,,,5.0,,No,,270,160,SER,1.0,Strand,100,82,26,8.8,2.0,-,-0.89,-0.49,40.51,interface,D
,,,4,,,,,,,,,6.0,,No,,263,160,ARG,,Strand,95,86,26,203.8,,-,-0.03,0.03,3.17,surfin,D
,,,4,,,,,,,,,7.0,,No,,260,174,GLN,1.0,Turn,97,87,22,115.3,2.0,-,-0.68,0.18,49.84,interface,D
,,,4,,,,,,,,,23.0,,No,,251,163,SER,,Turn,98,93,25,68.7,,-,-0.7,0.24,53.04,surfin,D
,,,4,,,,,,,,,24.0,,No,,256,170,LEU,1.0,Turn,101,90,23,48.9,3.0,-,-2.53,-1.79,101.21,interface,D
,,,4,,,,,,,,,25.0,,No,,258,160,ASN,2.0,Strand,101,89,26,17.1,1.0,-,-0.66,0.21,49.53,interface,D
,,,4,,,,,,,,,26.0,,No,,269,164,TYR,1.0,Strand,105,82,25,19.7,4.0,-,-2.62,-1.4,120.2,interface,D
,,,4,,,,,,,,,27.0,,No,,265,153,PHE,2.0,Strand,105,85,28,71.5,1.0,-,-0.93,-0.58,39.65,interface,D
,,,4,,,,,,,,,28.0,,No,,277,158,ASN,,Strand,108,78,27,41.9,,-,-0.16,0.13,14.82,surfout,D
,,,4,,,,,,,,,29.0,,No,,273,151,ILE,,Strand,110,81,29,61.7,,-,-0.13,0.11,12.38,surfout,D
,,,4,,,,,,,,,30.0,,No,,283,149,ASN,1.0,Coil,112,76,30,26.1,3.0,-,-0.32,0.15,25.5,interface,D
,,,4,,,,,,,,,31.0,,No,,276,148,TYR,1.0,Coil,114,80,30,46.3,6.0,-,-0.47,-0.32,19.35,interface,D
,,,4,,,,,,,,,32.0,,No,,285,143,PHE,1.0,Coil,117,76,32,45.8,3.0,-,-1.71,-1.2,68.58,interface,D
,,,4,,,,,,,,,33.0,,No,,293,138,LYS,1.0,Coil,114,73,34,88.1,2.0,-,-4.19,0.57,143.29,interface,D
,,,4,,,,,,,,,34.0,,No,,297,146,ASP,1.0,Coil,117,70,32,19.5,3.0,-,-3.65,1.91,117.37,interface,D
,,,4,,,,,,,,,35.0,,No,,296,153,ALA,1.0,310Helix,115,69,30,41.6,1.0,-,-1.35,-0.85,57.39,interface,D
,,,4,,,,,,,,,36.0,,No,,296,153,ALA,1.0,310Helix,119,69,30,3.0,4.0,-,-3.01,-1.8,131.31,interface,D
,,,4,,,,,,,,,37.0,,No,,289,151,SER,1.0,310Helix,118,73,30,2.2,2.0,-,-1.36,-0.21,80.09,interface,D
,,,4,,,,,,,,,38.0,,No,,289,158,SER,1.0,Coil,116,72,28,35.0,2.0,-,-0.49,-0.01,31.37,interface,D
,,,4,,,,,,,,,39.0,,No,,286,160,GLY,1.0,Coil,117,73,27,17.8,3.0,-,-1.63,-0.99,70.03,interface,D
,,,4,,,,,,,,,40.0,,No,,285,168,ALA,1.0,Coil,116,72,25,46.6,3.0,-,-2.27,-1.26,101.97,interface,D
,,,4,,,,,,,,,41.0,,No,,290,169,SER,1.0,Coil,114,69,25,43.4,2.0,-,-0.95,-0.08,58.27,interface,D
,,,4,,,,,,,,,42.0,,No,,286,171,ARG,1.0,Coil,109,71,24,100.9,2.0,-,-1.69,-0.43,59.43,interface,D
,,,4,,,,,,,,,43.0,,No,,290,181,LEU,1.0,Coil,112,66,22,38.9,5.0,-,-3.67,-2.55,148.1,interface,D
,,,4,,,,,,,,,44.0,,No,,297,184,ASP,,Coil,109,61,22,163.4,,-,-1.32,-0.58,59.25,surfout,D
,,,2,,,,,,,,,10.0,,No,,343,243,SER,,Turn,118,9,23,99.2,,-,-0.22,0.16,19.43,surfin,C
,,,2,,,,,,,,,11.0,,No,,335,240,ASP,,Turn,119,12,21,113.3,,-,-0.35,-0.24,13.99,surfin,C
,,,2,,,,,,,,,12.0,,No,,339,240,ARG,,Turn,124,11,22,82.2,,-,-0.46,0.34,10.62,surfout,C
,,,2,,,,,,,,,13.0,,No,,346,237,ILE,7.0,Turn,121,12,24,18.5,3.0,-,-1.85,-1.11,80.42,interface,C
,,,2,,,,,,,,,14.0,,No,,347,229,ILE,,Strand,122,17,25,7.2,,-,-0.74,-0.53,29.53,surfout,C
,,,2,,,,,,,,,15.0,,No,,358,228,GLN,7.0,Strand,120,16,28,2.1,3.0,-,-1.61,0.39,116.56,interface,C
,,,2,,,,,,,,,16.0,,No,,351,220,ILE,7.0,Strand,122,21,27,0.0,1.0,-,-0.27,-0.19,10.75,interface,C
,,,2,,,,,,,,,17.0,,No,,362,218,THR,7.0,Strand,120,20,30,0.8,1.0,-,-1.69,-0.99,74.61,interface,C
,,,2,,,,,,,,,18.0,,No,,356,213,ARG,7.0,Strand,121,24,29,1.2,2.0,-,-1.33,0.52,39.67,interface,C
,,,2,,,,,,,,,19.0,,No,,366,210,GLY,7.0,Turn,121,23,32,0.0,1.0,-,-0.3,0.13,23.56,interface,C
,,,2,,,,,,,,,20.0,,No,,370,213,ASP,1.0,Turn,124,21,33,12.4,4.0,-,-5.58,2.66,200.29,interface,C
,,,2,,,,,,,,,21.0,,No,,364,215,SER,7.0,Strand,125,21,31,0.2,1.0,-,-0.72,-0.51,28.34,interface,C
,,,2,,,,,,,,,22.0,,No,,363,222,THR,7.0,Strand,124,18,30,9.0,3.0,-,-1.75,-0.7,87.72,interface,C
,,,2,,,,,,,,,23.0,,No,,356,222,ILE,7.0,Strand,126,19,28,0.0,1.0,-,-0.65,-0.46,25.7,interface,C
,,,2,,,,,,,,,24.0,,No,,355,230,THR,7.0,Strand,126,15,27,4.9,2.0,-,-1.86,-0.47,102.84,interface,C
,,,2,,,,,,,,,25.0,,No,,348,232,SER,7.0,Strand,126,15,25,0.0,1.0,-,-0.25,-0.18,9.94,interface,C
,,,2,,,,,,,,,26.0,,No,,350,240,GLN,7.0,Turn,126,10,25,10.8,5.0,-,-2.14,0.31,147.71,interface,C
,,,2,,,,,,,,,27.0,,No,,342,237,ASP,,Turn,128,13,23,33.7,,-,-0.08,0.07,7.25,surfout,C
,,,2,,,,,,,,,30.0,,No,,334,225,ASN,1.0,Coil,120,22,22,81.3,2.0,-,-0.63,-0.2,33.59,interface,C
,,,2,,,,,,,,,31.0,,No,,336,220,ALA,,Coil,120,25,23,18.1,,-,-0.15,-0.01,8.72,surfout,C
,,,2,,,,,,,,,33.0,,No,,333,207,VAL,,Strand,118,33,24,47.4,,-,0.0,0.0,0.0,surfin,C
,,,2,,,,,,,,,34.0,,No,,330,203,GLY,,310Helix,120,36,24,0.1,,-,0.0,0.0,0.0,core,C
,,,2,,,,,,,,,35.0,,No,,325,197,TYR,1.0,310Helix,121,41,24,50.4,4.0,-,-1.88,-1.17,80.85,interface,C
,,,2,,,,,,,,,36.0,,No,,329,202,GLY,,310Helix,115,37,24,68.8,,-,0.0,0.0,0.0,surfin,C
,,,2,,,,,,,,,37.0,,No,,331,199,VAL,1.0,Coil,116,38,25,31.2,2.0,-,-1.04,-0.74,41.37,interface,C
,,,2,,,,,,,,,38.0,,No,,344,205,TRP,7.0,Coil,115,31,27,110.6,1.0,-,-0.47,-0.34,18.65,interface,C
,,,2,,,,,,,,,39.0,,No,,344,198,PRO,,Coil,117,34,28,5.5,,-,0.0,0.0,0.0,core,C
,,,2,,,,,,,,,40.0,,No,,342,190,HIS,,Coil,114,38,29,70.3,,-,-0.34,-0.05,20.44,surfin,C
,,,2,,,,,,,,,41.0,,No,,352,187,TYR,,Coil,115,36,32,70.2,,-,0.0,0.0,0.0,surfin,C
,,,2,,,,,,,,,42.0,,No,,345,178,LEU,1.0,Coil,116,42,32,10.8,1.0,-,-0.15,0.03,10.86,interface,C
,,,2,,,,,,,,,43.0,,No,,343,176,THR,,Turn,112,43,32,53.9,,-,0.0,0.0,0.0,surfin,C
,,,2,,,,,,,,,44.0,,No,,343,171,PRO,1.0,Turn,111,45,33,40.3,3.0,-,-2.04,-1.15,91.24,interface,C
,,,2,,,,,,,,,45.0,,No,,337,171,GLN,1.0,Turn,110,47,32,84.9,1.0,-,-1.19,0.01,76.74,interface,C
,,,2,,,,,,,,,46.0,,No,,335,173,ASP,1.0,Turn,114,47,31,17.8,1.0,-,-1.81,0.69,79.69,interface,C
,,,2,,,,,,,,,47.0,,No,,340,168,ALA,1.0,Turn,116,47,33,4.6,2.0,-,-0.8,-0.1,47.75,interface,C
,,,2,,,,,,,,,48.0,,No,,340,165,THR,1.0,Coil,119,48,34,7.4,3.0,-,-2.05,-0.84,102.63,interface,C
,,,2,,,,,,,,,49.0,,No,,346,165,ALA,1.0,Coil,120,46,35,0.5,1.0,-,-0.69,-0.38,30.88,interface,C
,,,2,,,,,,,,,50.0,,No,,350,161,ILE,1.0,Coil,119,46,37,38.0,8.0,-,-5.28,-3.41,222.55,interface,C
,,,2,,,,,,,,,51.0,,No,,355,166,ASP,1.0,Coil,121,43,37,21.3,3.0,-,-2.76,-1.55,112.44,interface,C
,,,2,,,,,,,,,52.0,,No,,364,171,LYS,1.0,Coil,117,39,38,35.0,6.0,-,-7.22,-1.26,258.51,interface,C
,,,2,,,,,,,,,53.0,,No,,359,175,PRO,1.0,Coil,119,39,36,16.2,1.0,-,-0.79,-0.38,37.45,interface,C
,,,2,,,,,,,,,54.0,,No,,363,180,THR,1.0,Bridge,122,36,36,0.3,2.0,-,-2.4,-1.02,118.5,interface,C
,,,2,,,,,,,,,55.0,,No,,363,185,GLN,,Coil,118,34,35,65.4,,-,-0.32,0.22,27.47,surfin,C
,,,2,,,,,,,,,56.0,,No,,367,191,PRO,,Coil,122,31,35,0.3,,-,-1.36,-0.72,62.77,surfout,C
,,,2,,,,,,,,,57.0,,No,,366,196,ASP,1.0,310Helix,119,29,34,47.5,3.0,-,-1.17,0.23,68.56,interface,C
,,,2,,,,,,,,,58.0,,No,,369,202,THR,1.0,310Helix,121,26,34,10.6,3.0,-,-3.15,-1.49,151.83,interface,C
,,,2,,,,,,,,,59.0,,No,,368,200,SER,1.0,310Helix,125,27,34,2.7,6.0,-,-1.6,-0.04,100.66,interface,C
,,,2,,,,,,,,,60.0,,No,,362,196,SER,,Turn,125,30,33,0.0,,-,0.0,0.0,0.0,core,C
,,,2,,,,,,,,,61.0,,No,,360,199,ASN,,Turn,122,29,32,9.3,,-,-0.11,-0.07,4.46,core,C
,,,2,,,,,,,,,62.0,,No,,364,207,ARG,1.0,Turn,126,25,32,9.7,3.0,-,-1.4,0.73,102.38,interface,C
,,,2,,,,,,,,,63.0,,No,,356,213,PHE,,Coil,127,24,29,0.0,,-,-0.23,0.08,17.4,core,C
,,,2,,,,,,,,,64.0,,No,,359,205,TYR,7.0,Strand,130,27,31,0.0,2.0,-,-0.53,-0.38,21.2,interface,C
,,,2,,,,,,,,,65.0,,No,,356,213,THR,7.0,Strand,134,24,29,0.5,4.0,-,-1.57,-0.65,78.35,interface,C
,,,2,,,,,,,,,66.0,,No,,350,209,LEU,,Coil,136,27,28,0.4,,-,-0.04,0.03,3.12,core,C
,,,2,,,,,,,,,67.0,,No,,351,211,ASP,,Coil,141,26,28,60.5,,-,-0.46,0.17,12.71,surfout,C
,,,2,,,,,,,,,68.0,,No,,350,217,SER,7.0,Coil,141,23,27,6.2,2.0,-,-0.98,-0.28,53.53,interface,C
,,,2,,,,,,,,,69.0,,No,,345,214,LYS,,Strand,142,26,26,23.5,,-,-0.02,-0.02,0.91,surfout,C
,,,2,,,,,,,,,70.0,,No,,344,220,MET,7.0,Strand,146,23,25,79.6,1.0,-,-0.96,-0.69,38.26,interface,C
,,,2,,,,,,,,,71.0,,No,,334,224,TRP,,Strand,142,23,22,2.0,,-,0.0,0.0,0.0,core,C
,,,2,,,,,,,,,72.0,,No,,337,222,ASN,,Turn,147,23,23,75.6,,-,0.0,0.0,0.0,surfout,C
,,,2,,,,,,,,,75.0,,No,,330,217,SER,,Turn,146,28,22,25.2,,-,0.0,0.0,0.0,surfout,C
,,,2,,,,,,,,,77.0,,No,,331,210,GLY,,Strand,142,32,23,0.8,,-,0.0,0.0,0.0,core,C
,,,2,,,,,,,,,78.0,,No,,335,211,TRP,,Strand,141,30,24,0.8,,-,0.0,0.0,0.0,core,C
,,,2,,,,,,,,,79.0,,No,,336,199,TRP,,Strand,140,36,26,0.0,,-,0.0,0.0,0.0,core,C
,,,2,,,,,,,,,80.0,,No,,340,205,TRP,,Strand,137,32,26,0.0,,-,0.0,0.0,0.0,core,C
,,,2,,,,,,,,,81.0,,No,,336,195,LYS,1.0,Strand,136,38,27,0.0,1.0,-,-0.14,-0.03,4.9,interface,C
,,,2,,,,,,,,,82.0,,No,,341,195,LEU,,Strand,131,36,28,0.0,,-,0.0,0.0,0.0,core,C
,,,2,,,,,,,,,83.0,,No,,346,190,PRO,,Turn,131,37,30,0.0,,-,0.0,0.0,0.0,core,C
,,,2,,,,,,,,,84.0,,No,,347,191,ASP,,310Helix,136,36,30,0.2,,-,0.0,0.0,0.0,core,C
,,,2,,,,,,,,,85.0,,No,,347,198,ALA,,310Helix,135,33,29,0.0,,-,0.0,0.0,0.0,core,C
,,,2,,,,,,,,,86.0,,No,,351,198,LEU,,310Helix,132,32,30,0.0,,-,0.0,0.0,0.0,core,C
,,,2,,,,,,,,,87.0,,No,,352,193,LYS,,Turn,137,34,31,58.0,,-,0.0,0.0,0.0,surfout,C
,,,2,,,,,,,,,88.0,,No,,358,196,ASP,7.0,Turn,138,31,32,87.6,1.0,-,-0.26,0.22,23.71,interface,C
,,,2,,,,,,,,,89.0,,No,,360,199,MET,7.0,Turn,134,29,32,0.0,3.0,-,-0.29,-0.05,24.63,interface,C
,,,2,,,,,,,,,90.0,,No,,366,196,GLY,1.0,AlphaHelix,132,29,34,14.3,3.0,-,-2.13,-1.46,86.75,interface,C
,,,2,,,,,,,,,91.0,,No,,368,193,ILE,1.0,AlphaHelix,129,30,35,2.3,6.0,-,-4.0,-2.86,158.74,interface,C
,,,2,,,,,,,,,92.0,,No,,356,193,PHE,,AlphaHelix,129,33,32,0.0,,-,0.0,0.0,0.0,core,C
,,,2,,,,,,,,,93.0,,No,,359,191,GLY,,AlphaHelix,132,33,33,0.7,,-,0.0,0.0,0.0,core,C
,,,2,,,,,,,,,94.0,,No,,364,187,GLU,1.0,AlphaHelix,133,33,35,14.2,6.0,-,-2.2,-0.18,110.9,interface,C
,,,2,,,,,,,,,95.0,,No,,362,184,ASN,1.0,AlphaHelix,128,35,35,0.2,2.0,-,-0.42,0.22,34.02,interface,C
,,,2,,,,,,,,,96.0,,No,,354,184,MET,,AlphaHelix,132,37,33,1.1,,-,0.0,0.0,0.0,core,C
,,,2,,,,,,,,,97.0,,No,,356,182,PHE,,AlphaHelix,135,37,34,15.1,,-,0.0,0.0,0.0,core,C
,,,2,,,,,,,,,98.0,,No,,363,180,TYR,1.0,AlphaHelix,133,36,36,16.4,7.0,-,-3.17,-1.31,158.2,interface,C
,,,2,,,,,,,,,99.0,,No,,358,178,HIS,1.0,Strand,128,38,35,0.1,4.0,-,-0.5,-0.2,25.22,interface,C
,,,2,,,,,,,,,100.0,,No,,347,171,PHE,1.0,Strand,130,44,34,6.4,4.0,-,-2.07,-1.48,82.12,interface,C
,,,2,,,,,,,,,101.0,,No,,350,174,LEU,1.0,Strand,126,42,34,0.1,2.0,-,-0.55,-0.39,21.89,interface,C
,,,2,,,,,,,,,102.0,,No,,347,181,GLY,,Strand,125,40,32,0.1,,-,0.0,0.0,0.0,core,C
,,,2,,,,,,,,,103.0,,No,,345,183,ARG,,Strand,121,40,31,13.3,,-,0.0,0.0,0.0,core,C
,,,2,,,,,,,,,104.0,,No,,347,191,SER,,Strand,123,36,30,0.6,,-,0.0,0.0,0.0,core,C
,,,2,,,,,,,,,105.0,,No,,346,196,GLY,,Strand,123,34,29,0.2,,-,0.0,0.0,0.0,core,C
,,,2,,,,,,,,,106.0,,No,,344,198,TYR,,Strand,125,34,28,0.0,,-,0.0,0.0,0.0,core,C
,,,2,,,,,,,,,107.0,,No,,346,209,THR,,Strand,124,28,27,0.0,,-,0.0,0.0,0.0,core,C
,,,2,,,,,,,,,108.0,,No,,342,209,VAL,,Strand,127,29,26,0.0,,-,0.0,0.0,0.0,core,C
,,,2,,,,,,,,,109.0,,No,,347,218,HIS,,Strand,128,23,26,0.0,,-,0.0,0.0,0.0,core,C
,,,2,,,,,,,,,111.0,,No,,348,221,GLN,7.0,Strand,133,21,26,0.0,3.0,-,-0.76,-0.12,44.42,interface,C
,,,2,,,,,,,,,112.0,,No,,343,227,CYS,,Coil,135,19,24,0.0,,-,-0.03,-0.02,1.28,core,C
,,,2,,,,,,,,,113.0,,No,,344,233,ASN,7.0,Coil,136,15,24,1.3,4.0,-,-1.43,0.18,97.75,interface,C
,,,2,,,,,,,,,114.0,,No,,342,237,ALA,7.0,Coil,138,13,23,2.6,1.0,-,-0.41,0.07,28.78,interface,C
,,,2,,,,,,,,,115.0,,No,,339,242,SER,7.0,Turn,139,10,22,4.8,1.0,-,-1.3,-0.91,52.11,interface,C
,,,2,,,,,,,,,116.0,,No,,336,248,LYS,1.0,Turn,136,6,21,121.6,3.0,-,-1.69,-0.79,81.07,interface,C
,,,2,,,,,,,,,117.0,,No,,333,248,PHE,1.0,Turn,141,6,20,42.0,7.0,-,-3.67,-2.47,150.6,interface,C
,,,2,,,,,,,,,118.0,,No,,335,240,HIS,7.0,Strand,141,12,21,0.5,1.0,-,-0.2,-0.08,10.09,interface,C
,,,2,,,,,,,,,119.0,,No,,326,236,GLN,1.0,Strand,141,16,19,1.4,4.0,-,-1.49,0.12,99.79,interface,C
,,,2,,,,,,,,,120.0,,No,,328,230,GLY,,Strand,138,20,20,0.0,,-,-0.01,0.0,0.88,core,C
,,,2,,,,,,,,,121.0,,No,,326,225,THR,1.0,Strand,137,24,20,0.0,3.0,-,-0.29,-0.14,13.81,interface,C
,,,2,,,,,,,,,122.0,,No,,332,220,LEU,,Strand,136,26,22,0.0,,-,0.0,0.0,0.0,core,C
,,,2,,,,,,,,,124.0,,No,,332,213,VAL,,Strand,131,30,23,0.0,,-,0.0,0.0,0.0,core,C
,,,2,,,,,,,,,125.0,,No,,328,207,VAL,,Strand,131,35,23,0.0,,-,0.0,0.0,0.0,core,C
,,,2,,,,,,,,,126.0,,No,,333,201,MET,,Strand,128,36,25,0.0,,-,0.0,0.0,0.0,core,C
,,,2,,,,,,,,,127.0,,No,,326,198,ILE,1.0,Strand,131,40,24,0.0,1.0,-,-0.06,-0.05,2.58,interface,C
,,,2,,,,,,,,,128.0,,No,,326,193,PRO,1.0,Strand,128,43,25,0.0,3.0,-,-0.5,-0.27,22.72,interface,C
,,,2,,,,,,,,,129.0,,No,,327,184,GLU,1.0,Turn,130,46,27,0.0,5.0,-,-2.13,-0.47,86.54,interface,C
,,,2,,,,,,,,,130.0,,No,,326,193,HIS,,Turn,135,43,25,0.0,,-,-0.09,-0.01,5.59,core,C
,,,2,,,,,,,,,131.0,,No,,322,184,GLN,1.0,Coil,137,48,26,1.5,5.0,-,-2.58,-0.25,156.97,interface,C
,,,2,,,,,,,,,132.0,,No,,327,189,LEU,1.0,Coil,140,44,26,0.0,2.0,-,-0.08,0.04,6.81,interface,C
,,,2,,,,,,,,,133.0,,No,,321,188,ALA,1.0,Coil,143,47,25,0.0,3.0,-,-0.94,-0.67,37.15,interface,C
,,,2,,,,,,,,,134.0,,No,,320,187,THR,1.0,Turn,146,48,25,0.0,1.0,-,-0.2,0.17,18.85,interface,C
,,,2,,,,,,,,,135.0,,No,,318,191,VAL,1.0,Bridge,149,47,24,24.9,2.0,-,-1.05,-0.75,41.67,interface,C
,,,2,,,,,,,,,136.0,,No,,315,187,ASN,1.0,Turn,152,50,24,89.0,2.0,-,-0.94,0.2,66.81,interface,C
,,,2,,,,,,,,,138.0,,No,,315,179,GLY,1.0,Turn,150,53,26,41.1,1.0,-,-0.7,-0.2,37.82,interface,C
,,,2,,,,,,,,,139.0,,No,,316,175,ASN,1.0,Turn,148,54,27,81.6,1.0,-,-1.87,-0.96,86.65,interface,C
,,,2,,,,,,,,,141.0,,No,,325,178,ASN,1.0,Coil,145,49,28,18.0,3.0,-,-1.17,0.1,78.28,interface,C
,,,2,,,,,,,,,142.0,,No,,331,183,ALA,1.0,Coil,144,45,28,0.0,1.0,-,-0.28,0.06,19.88,interface,C
,,,2,,,,,,,,,143.0,,No,,334,182,GLY,,Coil,145,44,29,1.0,,-,-0.15,-0.11,5.98,core,C
,,,2,,,,,,,,,144.0,,No,,340,182,TYR,1.0,310Helix,142,42,30,6.9,3.0,-,-1.98,-1.36,80.08,interface,C
,,,2,,,,,,,,,146.0,,No,,337,190,TYR,,310Helix,147,40,28,43.4,,-,0.0,0.0,0.0,surfout,C
,,,2,,,,,,,,,147.0,,No,,336,188,THR,1.0,310Helix,141,41,28,0.0,3.0,-,-0.44,-0.25,19.93,interface,C
,,,2,,,,,,,,,148.0,,No,,343,187,HIS,1.0,Coil,140,39,30,12.8,1.0,-,-0.14,-0.1,5.54,interface,C
,,,2,,,,,,,,,149.0,,No,,345,195,PRO,,Turn,142,35,29,39.1,,-,0.0,0.0,0.0,surfout,C
,,,2,,,,,,,,,150.0,,No,,347,198,GLY,,Turn,139,33,29,2.8,,-,0.0,0.0,0.0,core,C
,,,2,,,,,,,,,151.0,,No,,353,201,GLU,7.0,Turn,139,30,30,25.0,1.0,-,-0.35,0.28,19.81,interface,C
,,,2,,,,,,,,,152.0,,No,,347,203,ALA,,Turn,142,31,28,45.9,,-,0.0,0.0,0.0,surfout,C
,,,2,,,,,,,,,153.0,,No,,342,202,GLY,,Turn,142,33,27,7.4,,-,0.0,0.0,0.0,core,C
,,,2,,,,,,,,,154.0,,No,,336,199,ARG,,Strand,144,36,26,8.4,,-,0.0,0.0,0.0,core,C
,,,2,,,,,,,,,156.0,,No,,332,206,VAL,,Strand,145,34,24,4.2,,-,0.0,0.0,0.0,core,C
,,,2,,,,,,,,,157.0,,No,,332,206,GLY,,Turn,150,34,24,38.1,,-,0.0,0.0,0.0,surfout,C
,,,2,,,,,,,,,158.0,,No,,336,205,THR,,Turn,151,33,25,80.3,,-,0.0,0.0,0.0,surfout,C
,,,2,,,,,,,,,161.0,,No,,328,195,GLU,,Coil,154,41,25,149.3,,-,0.0,0.0,0.0,surfout,C
,,,2,,,,,,,,,163.0,,No,,326,183,GLU,,Turn,153,47,27,105.8,,-,0.0,0.0,0.0,surfout,C
,,,2,,,,,,,,,165.0,,No,,330,193,GLN,,Turn,149,41,26,6.9,,-,0.0,0.0,0.0,core,C
,,,2,,,,,,,,,166.0,,No,,329,191,PRO,,Coil,146,42,26,3.5,,-,0.0,0.0,0.0,core,C
,,,2,,,,,,,,,167.0,,No,,323,195,SER,1.0,Coil,145,43,24,4.4,1.0,-,-0.04,-0.02,1.95,interface,C
,,,2,,,,,,,,,168.0,,No,,327,200,ASP,,Coil,147,39,24,32.6,,-,0.0,0.0,0.0,surfout,C
,,,2,,,,,,,,,169.0,,No,,319,201,ASP,1.0,Coil,145,42,22,33.5,2.0,-,-0.33,0.23,11.84,interface,C
,,,2,,,,,,,,,170.0,,No,,320,207,ASN,1.0,310Helix,143,38,21,10.6,1.0,-,-0.19,0.15,17.36,interface,C
,,,2,,,,,,,,,171.0,,No,,312,205,TRP,1.0,310Helix,144,43,20,15.7,6.0,-,-3.99,-2.7,163.99,interface,C
,,,2,,,,,,,,,172.0,,No,,313,200,LEU,1.0,310Helix,142,45,21,0.0,3.0,-,-1.24,-0.88,48.99,interface,C
,,,2,,,,,,,,,173.0,,No,,319,201,ASN,1.0,Turn,138,42,22,0.0,1.0,-,0.0,0.0,0.33,interface,C
,,,2,,,,,,,,,174.0,,No,,322,200,PHE,,Turn,141,41,23,0.0,,-,0.0,0.0,0.05,core,C
,,,2,,,,,,,,,175.0,,No,,317,194,ASP,1.0,Turn,138,46,23,2.7,1.0,-,-0.51,0.13,36.84,interface,C
,,,2,,,,,,,,,176.0,,No,,311,194,GLY,1.0,Turn,140,49,22,0.0,3.0,-,-1.06,-0.28,58.08,interface,C
,,,2,,,,,,,,,177.0,,No,,311,198,THR,1.0,Bridge,137,47,21,5.1,2.0,-,-1.87,-1.3,75.28,interface,C
,,,2,,,,,,,,,178.0,,No,,309,202,LEU,1.0,Coil,138,46,20,24.4,5.0,-,-3.42,-2.42,135.94,interface,C
,,,2,,,,,,,,,179.0,,No,,316,209,LEU,1.0,310Helix,137,39,20,0.0,2.0,-,-0.88,-0.63,35.04,interface,C
,,,2,,,,,,,,,180.0,,No,,311,209,GLY,1.0,310Helix,134,41,19,0.6,2.0,-,-1.27,-0.7,57.83,interface,C
,,,2,,,,,,,,,181.0,,No,,308,205,ASN,1.0,310Helix,132,45,19,10.6,4.0,-,-1.73,0.19,117.38,interface,C
,,,2,,,,,,,,,182.0,,No,,318,205,LEU,1.0,310Helix,132,40,21,0.2,1.0,-,-0.05,-0.03,1.9,interface,C
,,,2,,,,,,,,,183.0,,No,,317,210,LEU,1.0,310Helix,129,38,20,3.3,3.0,-,-1.85,-1.17,78.49,interface,C
,,,2,,,,,,,,,184.0,,No,,314,201,ILE,1.0,310Helix,127,44,21,21.6,5.0,-,-4.08,-2.88,163.56,interface,C
,,,2,,,,,,,,,185.0,,No,,319,201,PHE,1.0,Coil,128,42,22,1.5,2.0,-,-1.14,-0.82,45.37,interface,C
,,,2,,,,,,,,,186.0,,No,,326,204,PRO,,Coil,125,37,23,13.3,,-,0.0,0.0,0.18,core,C
,,,2,,,,,,,,,187.0,,No,,324,213,HIS,1.0,Strand,127,33,21,9.3,1.0,-,-0.63,-0.16,33.16,interface,C
,,,2,,,,,,,,,188.0,,No,,330,217,GLN,1.0,Strand,127,28,22,0.0,1.0,-,-0.32,-0.17,14.62,interface,C
,,,2,,,,,,,,,189.0,,No,,325,222,PHE,1.0,Strand,131,27,20,4.9,6.0,-,-2.14,-1.49,86.43,interface,C
,,,2,,,,,,,,,190.0,,No,,334,225,ILE,,Strand,133,22,22,0.0,,-,0.0,0.0,0.0,core,C
,,,2,,,,,,,,,191.0,,No,,329,232,ASN,1.0,Strand,133,19,20,0.7,4.0,-,-0.8,0.14,56.21,interface,C
,,,2,,,,,,,,,192.0,,No,,334,234,LEU,,Turn,136,16,21,14.2,,-,0.0,0.0,0.0,core,C
,,,2,,,,,,,,,193.0,,No,,327,240,ARG,1.0,Turn,133,13,19,13.2,5.0,-,-4.13,1.54,175.26,interface,C
,,,2,,,,,,,,,194.0,,No,,330,237,SER,1.0,Turn,130,15,20,24.1,2.0,-,-1.02,-0.53,46.74,interface,C
,,,2,,,,,,,,,195.0,,No,,333,232,ASN,1.0,Turn,130,18,21,1.5,1.0,-,-0.01,0.01,0.91,interface,C
,,,2,,,,,,,,,196.0,,No,,341,232,ASN,7.0,Coil,131,16,23,12.3,2.0,-,-0.29,0.14,23.3,interface,C
,,,2,,,,,,,,,197.0,,No,,342,225,SER,,Strand,129,20,24,0.0,,-,-0.01,-0.01,0.35,core,C
,,,2,,,,,,,,,198.0,,No,,340,220,ALA,,Strand,128,24,24,0.0,,-,0.0,0.0,0.0,core,C
,,,2,,,,,,,,,199.0,,No,,339,218,THR,,Strand,124,25,24,0.0,,-,0.0,0.0,0.0,core,C
,,,2,,,,,,,,,200.0,,No,,335,211,LEU,,Strand,125,30,24,0.0,,-,0.0,0.0,0.0,core,C
,,,2,,,,,,,,,202.0,,No,,337,201,VAL,,Strand,123,35,26,0.0,,-,0.0,0.0,0.0,core,C
,,,2,,,,,,,,,203.0,,No,,336,195,PRO,1.0,Coil,120,38,27,0.1,1.0,-,-0.06,-0.04,2.32,interface,C
,,,2,,,,,,,,,204.0,,No,,338,186,TYR,,Coil,122,41,29,7.7,,-,-0.13,0.11,11.86,surfout,C
,,,2,,,,,,,,,205.0,,No,,331,188,VAL,1.0,Coil,123,43,27,6.6,4.0,-,-1.59,-1.13,62.81,interface,C
,,,2,,,,,,,,,206.0,,No,,332,179,ASN,1.0,Turn,124,46,29,1.4,2.0,-,-0.51,0.14,37.04,interface,C
,,,2,,,,,,,,,207.0,,No,,328,176,ALA,1.0,Turn,123,49,29,1.5,5.0,-,-3.15,-1.67,144.46,interface,C
,,,2,,,,,,,,,209.0,,No,,336,174,PRO,1.0,Turn,120,46,31,7.6,1.0,-,-0.8,-0.57,31.62,interface,C
,,,2,,,,,,,,,210.0,,No,,343,176,MET,,Turn,123,43,32,0.1,,-,-0.05,0.04,4.32,core,C
,,,2,,,,,,,,,211.0,,No,,339,177,ASP,1.0,Strand,128,44,31,4.0,1.0,-,-1.07,0.86,30.64,interface,C
,,,2,,,,,,,,,212.0,,No,,343,176,SER,,Strand,131,43,32,2.3,,-,-0.02,0.01,2.06,core,C
,,,2,,,,,,,,,213.0,,No,,346,185,MET,,Turn,130,39,31,0.3,,-,0.0,0.0,0.0,core,C
,,,2,,,,,,,,,214.0,,No,,346,180,VAL,1.0,Turn,135,41,32,2.6,1.0,-,-0.35,-0.25,13.89,interface,C
,,,2,,,,,,,,,215.0,,No,,340,174,ARG,1.0,Turn,135,45,32,37.3,4.0,-,-3.81,1.24,168.44,interface,C
,,,2,,,,,,,,,216.0,,No,,337,180,HIS,1.0,Bridge,131,44,30,0.0,3.0,-,-1.11,-0.14,40.8,interface,C
,,,2,,,,,,,,,217.0,,No,,338,186,ASN,1.0,Coil,133,41,29,0.2,1.0,-,-0.28,-0.09,15.01,interface,C
,,,2,,,,,,,,,218.0,,No,,336,188,ASN,,Coil,129,41,28,0.2,,-,0.0,0.0,0.0,core,C
,,,2,,,,,,,,,219.0,,No,,333,195,TRP,,Strand,127,39,26,0.0,,-,0.0,0.0,0.0,core,C
,,,2,,,,,,,,,220.0,,No,,334,197,SER,1.0,Strand,133,38,26,0.0,1.0,-,0.0,0.0,0.21,interface,C
,,,2,,,,,,,,,221.0,,No,,336,205,LEU,,Strand,133,33,25,0.0,,-,0.0,0.0,0.0,core,C
,,,2,,,,,,,,,222.0,,No,,331,205,VAL,,Strand,135,35,24,0.0,,-,0.0,0.0,0.0,core,C
,,,2,,,,,,,,,223.0,,No,,332,213,ILE,,Strand,137,30,23,0.0,,-,0.0,0.0,0.0,core,C
,,,2,,,,,,,,,224.0,,No,,327,212,ILE,1.0,Strand,138,32,22,0.0,1.0,-,-0.04,-0.02,1.41,interface,C
,,,2,,,,,,,,,225.0,,No,,327,218,PRO,,Strand,141,29,21,3.7,,-,-0.12,0.1,11.13,core,C
,,,2,,,,,,,,,226.0,,No,,319,220,VAL,1.0,Strand,139,30,19,1.1,2.0,-,-1.16,-0.42,60.35,interface,C
,,,2,,,,,,,,,227.0,,No,,322,226,CYS,1.0,Strand,140,25,19,2.4,4.0,-,-0.87,-0.17,71.49,interface,C
,,,2,,,,,,,,,228.0,,No,,323,228,GLN,,Strand,145,23,19,79.4,,-,-0.12,-0.06,5.61,surfout,C
,,,2,,,,,,,,,229.0,,No,,332,229,LEU,,Strand,144,20,21,13.3,,-,0.0,0.0,0.0,core,C
,,,2,,,,,,,,,230.0,,No,,326,235,GLN,1.0,Strand,145,17,19,35.6,1.0,-,-0.56,0.21,43.06,interface,C
,,,2,,,,,,,,,231.0,,No,,335,238,SER,,Strand,146,13,21,10.0,,-,-0.14,-0.09,5.7,surfout,C
,,,2,,,,,,,,,232.0,,No,,332,244,ASN,1.0,Turn,148,9,20,75.8,3.0,-,-1.8,-0.33,104.56,interface,C
,,,2,,,,,,,,,233.0,,No,,339,242,ASN,7.0,Turn,148,10,22,24.9,1.0,-,-0.96,-0.21,54.36,interface,C
,,,2,,,,,,,,,234.0,,No,,337,235,ILE,,Turn,150,15,22,150.9,,-,0.0,0.0,0.0,surfout,C
,,,2,,,,,,,,,235.0,,No,,345,236,SER,,Turn,150,13,24,99.7,,-,-0.04,0.03,3.33,surfout,C
,,,2,,,,,,,,,236.0,,No,,345,236,ASN,7.0,Turn,146,13,24,4.7,4.0,-,-1.13,0.34,83.95,interface,C
,,,2,,,,,,,,,237.0,,No,,347,229,ILE,7.0,Coil,146,17,25,35.8,3.0,-,-1.62,-1.05,68.24,interface,C
,,,2,,,,,,,,,238.0,,No,,343,228,VAL,7.0,Strand,142,18,24,0.6,1.0,-,-0.06,-0.04,2.48,interface,C
,,,2,,,,,,,,,239.0,,No,,346,226,PRO,7.0,Strand,141,19,25,0.0,3.0,-,-1.36,-0.95,54.69,interface,C
,,,2,,,,,,,,,240.0,,No,,344,220,ILE,,Strand,138,23,25,0.0,,-,0.0,0.0,0.0,core,C
,,,2,,,,,,,,,241.0,,No,,347,220,THR,7.0,Strand,136,22,26,0.0,3.0,-,-0.57,-0.29,26.16,interface,C
,,,2,,,,,,,,,242.0,,No,,348,212,VAL,,Strand,134,26,27,0.0,,-,0.0,0.0,0.0,core,C
,,,2,,,,,,,,,243.0,,No,,352,212,SER,7.0,Strand,131,25,28,0.0,1.0,-,-0.01,0.01,0.88,interface,C
,,,2,,,,,,,,,244.0,,No,,348,206,ILE,,Strand,129,29,28,0.0,,-,0.0,0.0,0.0,core,C
,,,2,,,,,,,,,245.0,,No,,352,206,SER,,Strand,125,28,29,0.0,,-,0.0,0.0,0.0,core,C
,,,2,,,,,,,,,246.0,,No,,353,201,PRO,,Strand,125,30,30,0.0,,-,0.0,0.0,0.0,core,C
,,,2,,,,,,,,,247.0,,No,,350,201,MET,,Strand,120,31,29,11.2,,-,-0.17,-0.12,6.85,core,C
,,,2,,,,,,,,,248.0,,No,,352,193,CYS,,Strand,119,34,31,22.8,,-,0.0,0.0,0.0,surfin,C
,,,2,,,,,,,,,249.0,,No,,355,191,ALA,,Strand,122,34,32,0.0,,-,0.0,0.0,0.0,core,C
,,,2,,,,,,,,,250.0,,No,,353,182,GLU,,Strand,120,38,33,0.6,,-,0.0,0.0,0.06,core,C
,,,2,,,,,,,,,251.0,,No,,356,182,PHE,,Strand,125,37,34,0.0,,-,0.0,0.0,0.0,core,C
,,,2,,,,,,,,,252.0,,No,,353,173,SER,1.0,Strand,124,41,35,1.3,1.0,-,-0.02,0.0,0.66,interface,C
,,,2,,,,,,,,,253.0,,No,,356,171,GLY,1.0,Strand,127,41,36,0.9,2.0,-,-0.73,-0.51,29.03,interface,C
,,,2,,,,,,,,,254.0,,No,,360,171,ALA,1.0,Strand,128,40,37,5.7,4.0,-,-3.2,-1.53,152.8,interface,C
,,,2,,,,,,,,,255.0,,No,,360,171,ARG,1.0,Coil,132,40,37,3.2,4.0,-,-2.83,-1.53,128.29,interface,C
,,,2,,,,,,,,,256.0,,No,,361,173,ALA,1.0,Coil,135,39,37,5.7,3.0,-,-2.15,-1.52,85.84,interface,C
,,,2,,,,,,,,,257.0,,No,,363,180,LYS,1.0,Coil,137,36,36,73.9,2.0,-,-0.24,0.08,9.5,interface,C
,,,2,,,,,,,,,259.0,,No,,358,178,VAL,,Coil,142,38,35,132.4,,-,-0.12,-0.06,5.47,surfout,C
,,,2,,,,,,,,,260.0,,No,,351,181,VAL,1.0,Coil,142,39,33,33.6,1.0,-,-0.45,-0.32,17.86,interface,C
,,,2,,,,,,,,,261.0,,No,,351,181,GLN,,Coil,146,39,33,186.0,,-,-0.49,-0.34,19.93,surfout,C
,,,3,,,,,,,,,1.0,,No,,247,127,GLY,1.0,Coil,118,94,36,23.6,3.0,-,-3.28,-1.37,162.69,interface,B
,,,3,,,,,,,,,2.0,,No,,247,133,LEU,1.0,Coil,116,94,34,68.3,5.0,-,-2.54,-1.61,108.0,interface,B
,,,3,,,,,,,,,3.0,,No,,243,137,PRO,1.0,Coil,118,96,33,33.2,6.0,-,-2.81,-1.82,118.05,interface,B
,,,3,,,,,,,,,4.0,,No,,246,140,VAL,1.0,Coil,120,95,32,18.8,4.0,-,-3.5,-2.07,154.27,interface,B
,,,3,,,,,,,,,5.0,,No,,241,150,TYR,1.0,Coil,123,98,29,31.3,7.0,-,-4.28,-1.86,210.9,interface,B
,,,3,,,,,,,,,6.0,,No,,248,146,VAL,1.0,Coil,125,94,30,40.1,6.0,-,-2.61,-1.61,113.03,interface,B
,,,3,,,,,,,,,7.0,,No,,249,153,THR,1.0,Turn,124,94,28,14.5,3.0,-,-2.9,-1.61,129.96,interface,B
,,,3,,,,,,,,,8.0,,No,,249,156,PRO,2.0,Turn,126,94,27,3.5,5.0,-,-4.78,-2.97,204.83,interface,B
,,,3,,,,,,,,,9.0,,No,,256,156,GLY,1.0,Turn,127,90,27,6.1,2.0,-,-0.95,-0.54,42.97,interface,B
,,,3,,,,,,,,,10.0,,No,,258,153,SER,1.0,Turn,127,89,28,6.2,3.0,-,-1.39,-0.44,73.61,interface,B
,,,3,,,,,,,,,11.0,,No,,263,153,GLY,1.0,Turn,129,86,28,32.7,3.0,-,-2.58,-1.04,129.78,interface,B
,,,3,,,,,,,,,12.0,,No,,263,160,GLN,1.0,Turn,129,86,26,8.2,4.0,-,-2.36,-0.16,145.43,interface,B
,,,3,,,,,,,,,13.0,,No,,273,161,PHE,1.0,Coil,130,80,26,7.9,8.0,-,-4.76,-3.01,202.44,interface,B
,,,3,,,,,,,,,14.0,,No,,269,167,MET,2.0,Turn,127,82,24,3.9,5.0,-,-2.36,-1.2,133.28,interface,B
,,,3,,,,,,,,,15.0,,No,,277,169,THR,1.0,Turn,129,77,24,14.2,5.0,-,-2.95,-1.36,143.07,interface,B
,,,3,,,,,,,,,16.0,,No,,274,172,THR,1.0,Turn,125,78,23,24.9,3.0,-,-3.58,-2.04,160.13,interface,B
,,,3,,,,,,,,,17.0,,No,,274,165,ASP,1.0,Turn,124,79,25,6.2,2.0,-,-1.46,0.52,64.4,interface,B
,,,3,,,,,,,,,18.0,,No,,276,165,ASP,1.0,Coil,119,78,25,58.6,3.0,-,-2.71,1.15,90.21,interface,B
,,,3,,,,,,,,,19.0,,No,,274,158,MET,1.0,Coil,121,80,27,42.6,5.0,-,-4.34,-2.49,199.33,interface,B
,,,3,,,,,,,,,20.0,,No,,281,152,GLN,1.0,Coil,118,77,29,31.0,5.0,-,-3.42,-0.6,197.71,interface,B
,,,3,,,,,,,,,21.0,,No,,285,150,SER,1.0,Coil,122,75,30,2.7,3.0,-,-2.14,-0.49,120.68,interface,B
,,,3,,,,,,,,,22.0,,No,,286,147,PRO,1.0,Coil,122,75,31,27.9,4.0,-,-4.94,-3.28,203.93,interface,B
,,,3,,,,,,,,,23.0,,No,,295,146,CYS,1.0,Bridge,122,71,32,11.5,5.0,-,-1.8,-0.66,117.58,interface,B
,,,3,,,,,,,,,24.0,,No,,298,143,ALA,1.0,Turn,125,70,33,2.0,4.0,-,-2.94,-1.6,133.18,interface,B
,,,3,,,,,,,,,25.0,,No,,304,146,LEU,1.0,Turn,124,67,33,31.9,5.0,-,-3.88,-2.75,154.72,interface,B
,,,3,,,,,,,,,26.0,,No,,301,141,PRO,1.0,Turn,121,69,34,23.9,3.0,-,-2.24,-1.47,94.08,interface,B
,,,3,,,,,,,,,27.0,,No,,306,136,TRP,1.0,Turn,118,68,36,44.7,8.0,-,-4.62,-2.8,200.93,interface,B
,,,3,,,,,,,,,28.0,,No,,312,149,TYR,1.0,Turn,121,63,33,16.3,6.0,-,-3.44,-1.23,177.63,interface,B
,,,3,,,,,,,,,30.0,,No,,314,154,PRO,1.0,Coil,118,61,32,32.9,1.0,-,-1.76,-1.25,69.69,interface,B
,,,3,,,,,,,,,31.0,,No,,323,159,THR,1.0,Coil,119,56,32,27.5,4.0,-,-3.15,-1.4,154.07,interface,B
,,,3,,,,,,,,,32.0,,No,,328,163,LYS,1.0,Coil,116,53,32,68.9,3.0,-,-6.37,0.89,192.98,interface,B
,,,3,,,,,,,,,33.0,,No,,320,170,GLU,1.0,Coil,115,54,29,71.7,3.0,-,-2.55,0.28,104.75,interface,B
,,,3,,,,,,,,,34.0,,No,,326,174,ILE,1.0,Coil,117,50,29,10.8,3.0,-,-3.15,-2.2,126.86,interface,B
,,,3,,,,,,,,,35.0,,No,,327,184,PHE,1.0,Coil,114,46,27,113.7,1.0,-,-1.46,-1.01,59.39,interface,B
,,,3,,,,,,,,,36.0,,No,,324,182,ILE,1.0,Coil,118,48,27,16.6,5.0,-,-3.85,-2.71,154.54,interface,B
,,,3,,,,,,,,,37.0,,No,,327,189,PRO,1.0,Coil,118,44,26,3.6,4.0,-,-2.79,-1.68,121.84,interface,B
,,,3,,,,,,,,,38.0,,No,,320,192,GLY,1.0,Coil,119,46,24,15.1,2.0,-,-1.55,-0.78,73.07,interface,B
,,,3,,,,,,,,,39.0,,No,,314,186,GLU,1.0,Strand,116,51,24,53.6,2.0,-,-1.56,-0.23,69.89,interface,B
,,,3,,,,,,,,,40.0,,No,,307,190,VAL,1.0,Strand,119,53,22,4.0,3.0,-,-1.53,-0.77,71.64,interface,B
,,,3,,,,,,,,,41.0,,No,,303,188,LYS,,Coil,115,56,22,107.9,,-,-2.13,0.46,82.67,surfin,B
,,,3,,,,,,,,,42.0,,No,,297,192,ASN,1.0,Bridge,118,58,20,9.7,4.0,-,-1.11,0.36,83.75,interface,B
,,,3,,,,,,,,,43.0,,No,,295,195,LEU,1.0,AlphaHelix,122,58,19,0.0,2.0,-,-1.96,-1.4,77.94,interface,B
,,,3,,,,,,,,,44.0,,No,,296,200,ILE,1.0,AlphaHelix,119,55,18,12.0,2.0,-,-0.95,-0.68,37.83,interface,B
,,,3,,,,,,,,,45.0,,No,,304,198,GLU,,AlphaHelix,118,51,20,65.7,,-,0.0,0.0,0.1,surfin,B
,,,3,,,,,,,,,46.0,,No,,302,200,MET,1.0,AlphaHelix,124,51,19,0.4,4.0,-,-1.95,-1.36,79.54,interface,B
,,,3,,,,,,,,,47.0,,No,,297,206,CYS,,AlphaHelix,123,51,17,0.0,,-,0.0,0.0,0.05,core,B
,,,3,,,,,,,,,48.0,,No,,302,210,GLN,1.0,AlphaHelix,120,46,17,50.0,1.0,-,-0.5,-0.1,28.61,interface,B
,,,3,,,,,,,,,49.0,,No,,307,210,VAL,1.0,Coil,124,43,18,45.6,2.0,-,-1.36,-0.97,54.1,interface,B
,,,3,,,,,,,,,50.0,,No,,308,216,ASP,1.0,Coil,126,38,17,9.2,1.0,-,-0.8,0.04,52.66,interface,B
,,,3,,,,,,,,,51.0,,No,,308,211,THR,1.0,Strand,130,42,18,0.0,2.0,-,-0.96,-0.69,38.28,interface,B
,,,3,,,,,,,,,52.0,,No,,308,216,LEU,1.0,Strand,134,38,17,0.1,3.0,-,-1.54,-1.04,62.81,interface,B
,,,3,,,,,,,,,53.0,,No,,304,217,ILE,,Coil,135,40,16,0.2,,-,0.0,0.0,0.0,core,B
,,,3,,,,,,,,,54.0,,No,,301,215,PRO,1.0,Turn,139,43,16,0.4,1.0,-,-0.2,-0.14,7.92,interface,B
,,,3,,,,,,,,,55.0,,No,,302,221,ILE,1.0,Turn,139,38,15,0.1,2.0,-,-0.2,0.12,17.3,interface,B
,,,3,,,,,,,,,56.0,,No,,303,223,ASN,1.0,Turn,144,36,15,16.6,1.0,-,-0.37,0.01,23.92,interface,B
,,,3,,,,,,,,,58.0,,No,,300,219,THR,,Bridge,148,41,15,23.2,,-,-1.58,-1.13,62.89,surfout,B
,,,3,,,,,,,,,59.0,,No,,299,212,GLN,1.0,Turn,152,46,16,105.2,2.0,-,-1.2,-0.28,67.08,interface,B
,,,3,,,,,,,,,60.0,,No,,307,216,SER,,Turn,151,39,17,109.4,,-,0.0,0.0,0.0,surfout,B
,,,3,,,,,,,,,61.0,,No,,308,216,ASN,,Turn,148,38,17,30.6,,-,0.0,0.0,0.0,surfout,B
,,,3,,,,,,,,,62.0,,No,,303,211,ILE,1.0,Turn,147,44,17,7.9,5.0,-,-2.65,-1.75,110.08,interface,B
,,,3,,,,,,,,,63.0,,No,,311,209,GLY,1.0,Turn,147,41,19,27.9,2.0,-,-1.52,-0.84,68.39,interface,B
,,,3,,,,,,,,,64.0,,No,,315,213,ASN,,Turn,146,37,19,77.5,,-,-0.18,-0.13,7.01,surfout,B
,,,3,,,,,,,,,65.0,,No,,317,216,VAL,1.0,310Helix,143,34,19,23.5,4.0,-,-2.76,-1.97,109.48,interface,B
,,,3,,,,,,,,,66.0,,No,,311,221,SER,,310Helix,145,33,17,41.6,,-,0.0,0.0,0.22,surfout,B
,,,3,,,,,,,,,67.0,,No,,307,216,MET,1.0,310Helix,143,39,17,1.7,2.0,-,-1.14,-0.79,47.5,interface,B
,,,3,,,,,,,,,68.0,,No,,308,216,TYR,1.0,310Helix,139,38,17,0.7,3.0,-,-0.93,-0.12,55.68,interface,B
,,,3,,,,,,,,,69.0,,No,,313,224,THR,1.0,Strand,141,30,17,4.2,1.0,-,-0.38,-0.27,14.98,interface,B
,,,3,,,,,,,,,70.0,,No,,308,230,VAL,1.0,Strand,141,27,15,0.0,1.0,-,-0.29,-0.21,11.59,interface,B
,,,3,,,,,,,,,71.0,,No,,310,234,THR,,Strand,144,23,15,65.3,,-,-0.09,-0.01,5.38,surfout,B
,,,3,,,,,,,,,72.0,,No,,311,238,LEU,,Strand,142,18,15,0.4,,-,0.0,0.0,0.0,core,B
,,,3,,,,,,,,,73.0,,No,,309,244,SER,,Coil,145,13,14,30.9,,-,0.0,0.0,0.0,surfout,B
,,,3,,,,,,,,,75.0,,No,,306,248,GLN,,Turn,146,9,13,33.3,,-,-0.12,0.1,11.21,surfout,B
,,,3,,,,,,,,,76.0,,No,,303,253,THR,1.0,Turn,150,4,12,111.3,1.0,-,-0.72,-0.24,37.94,interface,B
,,,3,,,,,,,,,77.0,,No,,295,251,LYS,,Turn,149,7,10,145.6,,-,-0.04,-0.03,1.79,surfout,B
,,,3,,,,,,,,,78.0,,No,,295,256,LEU,1.0,Turn,144,0,10,40.3,4.0,-,-2.81,-2.0,111.39,interface,B
,,,3,,,,,,,,,79.0,,No,,295,250,ALA,,Turn,142,9,10,25.6,,-,-0.02,-0.01,0.85,surfout,B
,,,3,,,,,,,,,80.0,,No,,294,246,GLU,,Turn,145,15,10,57.2,,-,0.0,0.0,0.0,surfout,B
,,,3,,,,,,,,,81.0,,No,,291,239,GLU,1.0,Strand,143,26,10,44.9,1.0,-,-0.71,0.21,23.47,interface,B
,,,3,,,,,,,,,82.0,,No,,299,237,ILE,,Strand,141,24,12,11.3,,-,-0.2,0.16,18.33,surfout,B
,,,3,,,,,,,,,83.0,,No,,296,232,PHE,1.0,Strand,139,32,12,0.2,1.0,-,-0.6,-0.43,23.75,interface,B
,,,3,,,,,,,,,84.0,,No,,289,230,ALA,1.0,Strand,140,39,11,0.0,2.0,-,-0.55,-0.01,34.51,interface,B
,,,3,,,,,,,,,85.0,,No,,290,224,ILE,1.0,Strand,137,44,12,0.7,1.0,-,-0.37,-0.26,14.53,interface,B
,,,3,,,,,,,,,86.0,,No,,283,219,LYS,1.0,Strand,138,54,12,68.5,1.0,-,-0.86,-0.57,33.76,interface,B
,,,3,,,,,,,,,87.0,,No,,285,220,VAL,,Coil,132,52,12,0.1,,-,0.0,0.0,0.0,core,B
,,,3,,,,,,,,,88.0,,No,,280,217,ASP,,Turn,134,59,12,3.4,,-,0.0,0.0,0.0,core,B
,,,3,,,,,,,,,89.0,,No,,286,211,ILE,,Turn,131,57,14,0.0,,-,0.0,0.0,0.0,core,B
,,,3,,,,,,,,,90.0,,No,,285,207,ALA,,Turn,134,60,15,7.6,,-,0.0,0.0,0.0,core,B
,,,3,,,,,,,,,92.0,,No,,289,209,HIS,1.0,Turn,140,55,15,22.2,1.0,-,-2.54,-0.36,105.54,interface,B
,,,3,,,,,,,,,93.0,,No,,295,214,PRO,1.0,Turn,139,48,15,0.6,1.0,-,-0.48,-0.34,19.12,interface,B
,,,3,,,,,,,,,94.0,,No,,293,212,LEU,,Turn,134,50,15,0.0,,-,0.0,0.0,0.0,core,B
,,,3,,,,,,,,,95.0,,No,,292,207,ALA,,Turn,136,54,16,0.0,,-,0.0,0.0,0.0,core,B
,,,3,,,,,,,,,96.0,,No,,298,207,THR,1.0,Turn,137,50,17,1.6,2.0,-,-2.25,-1.27,100.52,interface,B
,,,3,,,,,,,,,97.0,,No,,299,207,THR,,Turn,133,49,17,0.4,,-,-0.08,-0.06,3.09,core,B
,,,3,,,,,,,,,98.0,,No,,301,204,LEU,1.0,AlphaHelix,129,50,18,0.0,3.0,-,-2.07,-1.47,82.18,interface,B
,,,3,,,,,,,,,99.0,,No,,294,208,ILE,,AlphaHelix,128,52,16,0.0,,-,0.0,0.0,0.0,core,B
,,,3,,,,,,,,,100.0,,No,,294,203,GLY,,AlphaHelix,131,55,17,0.0,,-,0.0,0.0,0.0,core,B
,,,3,,,,,,,,,101.0,,No,,295,200,GLU,1.0,AlphaHelix,133,56,18,1.4,2.0,-,-1.26,-0.01,55.07,interface,B
,,,3,,,,,,,,,102.0,,No,,293,198,ILE,1.0,AlphaHelix,128,58,18,0.0,1.0,-,-0.19,-0.14,7.66,interface,B
,,,3,,,,,,,,,103.0,,No,,287,199,ALA,,AlphaHelix,129,62,17,0.0,,-,0.0,0.0,0.0,core,B
,,,3,,,,,,,,,105.0,,No,,288,192,TYR,1.0,Coil,131,64,19,1.5,5.0,-,-2.17,-0.92,108.08,interface,B
,,,3,,,,,,,,,106.0,,No,,283,193,PHE,1.0,Strand,127,67,18,0.0,3.0,-,-0.84,-0.6,33.23,interface,B
,,,3,,,,,,,,,107.0,,No,,273,198,THR,2.0,Strand,129,74,16,0.0,2.0,-,-0.51,-0.34,21.38,interface,B
,,,3,,,,,,,,,108.0,,No,,271,201,HIS,2.0,Strand,126,75,15,1.1,2.0,-,-0.4,-0.18,19.43,interface,B
,,,3,,,,,,,,,109.0,,No,,277,211,TRP,,Strand,127,65,13,1.2,,-,0.0,0.0,0.0,core,B
,,,3,,,,,,,,,110.0,,No,,277,211,THR,1.0,Strand,122,66,13,0.9,1.0,-,-0.14,-0.1,5.55,interface,B
,,,3,,,,,,,,,111.0,,No,,280,217,GLY,,Coil,122,59,12,2.2,,-,0.0,0.0,0.0,core,B
,,,3,,,,,,,,,112.0,,No,,285,220,SER,1.0,Coil,122,51,12,0.0,2.0,-,-0.27,0.02,18.0,interface,B
,,,3,,,,,,,,,113.0,,No,,290,219,LEU,,Strand,126,48,13,0.0,,-,0.0,0.0,0.0,core,B
,,,3,,,,,,,,,114.0,,No,,298,223,ARG,1.0,Strand,123,39,14,0.7,5.0,-,-2.27,0.79,72.32,interface,B
,,,3,,,,,,,,,115.0,,No,,295,225,PHE,,Strand,129,39,13,0.2,,-,0.0,0.0,0.0,core,B
,,,3,,,,,,,,,116.0,,No,,306,227,SER,,Strand,128,31,15,0.3,,-,-0.05,0.0,3.4,core,B
,,,3,,,,,,,,,117.0,,No,,304,232,PHE,,Strand,131,27,14,0.8,,-,0.0,0.0,0.0,core,B
,,,3,,,,,,,,,118.0,,No,,316,230,MET,1.0,Strand,132,24,17,0.0,5.0,-,-1.51,-0.71,90.77,interface,B
,,,3,,,,,,,,,119.0,,No,,316,239,PHE,1.0,Strand,135,16,16,0.0,1.0,-,-0.16,0.0,9.98,interface,B
,,,3,,,,,,,,,120.0,,No,,322,234,CYS,1.0,Coil,137,19,18,0.3,3.0,-,-1.04,-0.31,59.53,interface,B
,,,3,,,,,,,,,121.0,,No,,323,238,GLY,1.0,Coil,138,15,18,0.0,2.0,-,-0.26,0.06,19.0,interface,B
,,,3,,,,,,,,,122.0,,No,,328,244,THR,1.0,Turn,138,10,19,0.0,2.0,-,-1.34,-0.93,53.84,interface,B
,,,3,,,,,,,,,123.0,,No,,329,247,ALA,1.0,Turn,135,7,19,29.4,2.0,-,-2.21,-1.45,91.77,interface,B
,,,3,,,,,,,,,124.0,,No,,329,251,ASN,1.0,Turn,138,4,19,4.5,4.0,-,-1.22,0.58,97.67,interface,B
,,,3,,,,,,,,,125.0,,No,,321,248,THR,,Turn,138,7,17,1.0,,-,-0.02,0.02,1.72,core,B
,,,3,,,,,,,,,126.0,,No,,318,253,THR,1.0,Strand,137,3,16,24.8,1.0,-,-1.16,-0.76,48.76,interface,B
,,,3,,,,,,,,,127.0,,No,,310,249,LEU,,Strand,136,8,14,0.0,,-,-0.03,-0.02,1.12,core,B
,,,3,,,,,,,,,128.0,,No,,307,253,LYS,1.0,Strand,134,3,13,0.0,3.0,-,-2.56,-0.19,82.78,interface,B
,,,3,,,,,,,,,129.0,,No,,301,245,VAL,,Strand,135,14,12,0.0,,-,0.0,0.0,0.0,core,B
,,,3,,,,,,,,,130.0,,No,,294,245,LEU,1.0,Strand,134,16,10,0.0,1.0,-,-0.1,-0.07,3.88,interface,B
,,,3,,,,,,,,,131.0,,No,,295,239,LEU,,Strand,132,24,11,0.0,,-,0.0,0.0,0.0,core,B
,,,3,,,,,,,,,132.0,,No,,286,239,ALA,,Strand,132,30,9,0.0,,-,0.0,0.0,0.0,core,B
,,,3,,,,,,,,,133.0,,No,,281,232,TYR,,Strand,130,45,9,0.1,,-,0.0,0.0,0.0,core,B
,,,3,,,,,,,,,134.0,,No,,278,234,THR,2.0,Strand,133,46,8,0.3,1.0,-,-0.16,-0.11,6.35,interface,B
,,,3,,,,,,,,,135.0,,No,,272,234,PRO,2.0,Coil,131,54,7,0.0,3.0,-,-0.97,-0.69,38.54,interface,B
,,,3,,,,,,,,,136.0,,No,,269,228,PRO,2.0,Coil,132,66,8,5.4,1.0,-,-0.94,-0.41,46.38,interface,B
,,,3,,,,,,,,,137.0,,No,,264,231,GLY,2.0,Coil,135,72,7,11.1,3.0,-,-1.76,-0.6,92.26,interface,B
,,,3,,,,,,,,,138.0,,No,,267,236,ILE,2.0,Coil,137,61,6,32.4,3.0,-,-2.09,-1.5,82.94,interface,B
,,,3,,,,,,,,,140.0,,No,,278,234,LYS,1.0,Coil,141,45,8,43.1,1.0,-,-0.78,-0.42,29.49,interface,B
,,,3,,,,,,,,,141.0,,No,,281,238,PRO,,Coil,139,37,8,0.3,,-,-0.01,-0.01,0.39,core,B
,,,3,,,,,,,,,142.0,,No,,275,243,ARG,,Coil,144,35,6,194.6,,-,-0.04,0.04,3.88,surfout,B
,,,3,,,,,,,,,143.0,,No,,282,246,SER,,Coil,141,21,7,50.5,,-,0.0,0.0,0.0,surfout,B
,,,3,,,,,,,,,144.0,,No,,291,251,ARG,1.0,AlphaHelix,138,9,9,5.0,3.0,-,-0.69,0.57,58.55,interface,B
,,,3,,,,,,,,,145.0,,No,,279,254,LYS,1.0,AlphaHelix,138,6,6,50.9,3.0,-,-3.34,0.42,100.36,interface,B
,,,3,,,,,,,,,146.0,,No,,277,245,GLU,2.0,AlphaHelix,139,28,6,20.0,1.0,-,-0.28,-0.1,14.48,interface,B
,,,3,,,,,,,,,147.0,,No,,281,244,ALA,,AlphaHelix,135,26,7,0.0,,-,0.0,0.0,0.0,core,B
,,,3,,,,,,,,,148.0,,No,,283,250,MET,1.0,AlphaHelix,133,13,7,0.0,3.0,-,-1.24,-0.66,64.68,interface,B
,,,3,,,,,,,,,149.0,,No,,274,249,LEU,1.0,AlphaHelix,133,20,5,26.3,5.0,-,-3.17,-1.61,147.58,interface,B
,,,3,,,,,,,,,150.0,,No,,280,243,GLY,1.0,Coil,130,29,7,0.4,1.0,-,-0.55,-0.29,25.24,interface,B
,,,3,,,,,,,,,151.0,,No,,283,240,THR,1.0,Strand,128,32,8,0.9,2.0,-,-1.41,-0.76,64.46,interface,B
,,,3,,,,,,,,,152.0,,No,,289,245,HIS,1.0,Strand,129,18,9,0.2,1.0,-,-1.18,0.0,73.08,interface,B
,,,3,,,,,,,,,153.0,,No,,297,243,VAL,1.0,Strand,128,18,11,5.3,2.0,-,-1.85,-1.32,73.46,interface,B
,,,3,,,,,,,,,154.0,,No,,298,249,VAL,1.0,Strand,129,9,11,0.0,2.0,-,-1.47,-0.71,69.59,interface,B
,,,3,,,,,,,,,155.0,,No,,309,242,TRP,1.0,Strand,131,15,14,0.0,1.0,-,-0.2,-0.12,8.16,interface,B
,,,3,,,,,,,,,156.0,,No,,310,251,ASP,1.0,Strand,130,5,14,0.3,3.0,-,-1.74,0.14,99.63,interface,B
,,,3,,,,,,,,,157.0,,No,,314,247,VAL,1.0,Strand,132,9,15,2.2,1.0,-,-0.15,-0.06,7.27,interface,B
,,,3,,,,,,,,,158.0,,No,,321,247,GLY,1.0,Turn,130,8,17,19.1,1.0,-,-0.65,-0.31,31.64,interface,B
,,,3,,,,,,,,,159.0,,No,,325,248,LEU,1.0,Turn,127,7,18,151.2,1.0,-,-1.05,-0.47,51.74,interface,B
,,,3,,,,,,,,,160.0,,No,,320,243,GLN,1.0,Turn,125,12,17,59.1,4.0,-,-2.06,-0.03,131.46,interface,B
,,,3,,,,,,,,,161.0,,No,,319,237,SER,1.0,Turn,129,17,17,0.3,5.0,-,-1.24,-0.61,58.62,interface,B
,,,3,,,,,,,,,162.0,,No,,314,234,THR,1.0,Strand,127,21,16,0.8,2.0,-,-1.23,-0.53,61.01,interface,B
,,,3,,,,,,,,,163.0,,No,,307,237,VAL,1.0,Strand,127,21,14,0.0,2.0,-,-1.05,-0.75,41.83,interface,B
,,,3,,,,,,,,,164.0,,No,,301,234,SER,1.0,Strand,125,26,13,0.0,2.0,-,-0.88,-0.22,48.96,interface,B
,,,3,,,,,,,,,165.0,,No,,296,232,LEU,,Strand,127,31,12,0.0,,-,-0.01,-0.01,0.6,core,B
,,,3,,,,,,,,,166.0,,No,,290,231,VAL,1.0,Strand,124,37,11,0.0,3.0,-,-1.61,-1.12,64.58,interface,B
,,,3,,,,,,,,,167.0,,No,,286,226,VAL,,Strand,126,45,11,2.5,,-,0.0,0.0,0.0,core,B
,,,3,,,,,,,,,168.0,,No,,282,228,PRO,1.0,Coil,124,48,10,3.0,2.0,-,-1.78,-1.27,70.85,interface,B
,,,3,,,,,,,,,169.0,,No,,275,218,TRP,2.0,Coil,123,64,11,3.9,2.0,-,-0.85,-0.26,45.57,interface,B
,,,3,,,,,,,,,170.0,,No,,271,229,ILE,2.0,Coil,125,61,8,1.1,6.0,-,-2.29,-1.64,90.86,interface,B
,,,3,,,,,,,,,171.0,,No,,266,223,SER,2.0,Turn,125,74,9,2.6,1.0,-,-0.44,0.08,30.72,interface,B
,,,3,,,,,,,,,173.0,,No,,262,214,SER,2.0,Turn,125,82,11,2.1,2.0,-,-1.37,-0.98,54.36,interface,B
,,,3,,,,,,,,,174.0,,No,,267,211,GLN,1.0,Turn,121,77,12,27.4,3.0,-,-2.85,-0.83,154.26,interface,B
,,,3,,,,,,,,,175.0,,No,,269,204,TYR,1.0,Turn,123,76,14,4.9,3.0,-,-0.85,-0.01,53.99,interface,B
,,,3,,,,,,,,,176.0,,No,,271,213,ARG,,Strand,128,71,12,3.1,,-,-0.08,-0.04,3.57,core,B
,,,3,,,,,,,,,177.0,,No,,268,204,PHE,2.0,Strand,131,77,14,5.7,3.0,-,-1.93,-1.38,76.76,interface,B
,,,3,,,,,,,,,178.0,,No,,278,203,THR,,Turn,131,68,15,0.0,,-,0.0,0.0,0.0,core,B
,,,3,,,,,,,,,180.0,,No,,275,206,PRO,,Turn,138,70,14,90.3,,-,-0.31,-0.22,12.39,surfout,B
,,,3,,,,,,,,,181.0,,No,,267,208,ASP,,Coil,135,77,13,24.5,,-,-0.92,0.76,21.05,surfout,B
,,,3,,,,,,,,,183.0,,No,,260,214,TYR,2.0,310Helix,132,85,11,31.4,5.0,-,-3.5,-1.78,163.02,interface,B
,,,3,,,,,,,,,184.0,,No,,268,212,SER,,310Helix,132,75,12,2.6,,-,-0.01,-0.01,0.54,core,B
,,,3,,,,,,,,,186.0,,No,,274,222,ALA,,Coil,131,62,10,0.2,,-,0.0,0.0,0.0,core,B
,,,3,,,,,,,,,187.0,,No,,278,224,GLY,,Coil,134,56,10,2.1,,-,0.0,0.0,0.0,core,B
,,,3,,,,,,,,,188.0,,No,,278,229,TYR,1.0,Strand,137,51,9,39.8,1.0,-,-0.22,-0.11,10.2,interface,B
,,,3,,,,,,,,,189.0,,No,,289,229,ILE,,Strand,134,40,11,0.1,,-,0.0,0.0,0.0,core,B
,,,3,,,,,,,,,190.0,,No,,289,236,THR,,Strand,136,32,10,0.0,,-,0.0,0.0,0.0,core,B
,,,3,,,,,,,,,191.0,,No,,295,238,CYS,,Strand,137,25,11,0.0,,-,0.0,0.0,0.0,core,B
,,,3,,,,,,,,,192.0,,No,,292,242,TRP,,Strand,139,21,10,4.0,,-,0.0,0.0,0.0,core,B
,,,3,,,,,,,,,193.0,,No,,302,246,TYR,,Strand,141,12,12,4.8,,-,0.0,0.0,0.0,core,B
,,,3,,,,,,,,,194.0,,No,,299,253,GLN,1.0,Strand,136,4,11,0.0,4.0,-,-0.68,0.23,51.18,interface,B
,,,3,,,,,,,,,195.0,,No,,303,255,THR,1.0,Strand,138,1,12,0.0,3.0,-,-1.57,-1.11,62.67,interface,B
,,,3,,,,,,,,,196.0,,No,,307,253,ASN,1.0,Strand,141,3,13,0.0,3.0,-,-0.53,-0.05,32.34,interface,B
,,,3,,,,,,,,,197.0,,No,,314,248,PHE,,Strand,142,8,15,0.0,,-,0.0,0.0,0.2,core,B
,,,3,,,,,,,,,198.0,,No,,318,255,VAL,1.0,Strand,141,1,16,0.0,5.0,-,-2.16,-1.54,85.8,interface,B
,,,3,,,,,,,,,199.0,,No,,322,253,VAL,1.0,Coil,143,3,17,0.8,1.0,-,-0.43,-0.05,26.14,interface,B
,,,3,,,,,,,,,200.0,,No,,326,255,PRO,1.0,Turn,143,1,18,2.6,3.0,-,-1.55,-1.11,61.52,interface,B
,,,3,,,,,,,,,201.0,,No,,329,256,PRO,1.0,Turn,146,0,19,36.6,4.0,-,-2.21,-1.5,90.02,interface,B
,,,3,,,,,,,,,202.0,,No,,333,252,ASN,1.0,Turn,148,3,20,63.4,4.0,-,-1.0,-0.31,53.46,interface,B
,,,3,,,,,,,,,203.0,,No,,329,249,THR,1.0,Turn,145,6,19,2.9,1.0,-,-0.23,-0.02,13.86,interface,B
,,,3,,,,,,,,,204.0,,No,,324,243,PRO,1.0,Coil,145,11,18,15.0,3.0,-,-2.06,-1.46,81.81,interface,B
,,,3,,,,,,,,,205.0,,No,,321,245,ASN,,Coil,147,10,17,87.5,,-,-0.04,0.03,3.22,surfout,B
,,,3,,,,,,,,,206.0,,No,,319,238,THR,,Coil,146,16,17,53.1,,-,-0.17,0.14,15.65,surfout,B
,,,3,,,,,,,,,207.0,,No,,315,237,ALA,1.0,Strand,142,18,16,0.0,1.0,-,-0.22,-0.16,8.94,interface,B
,,,3,,,,,,,,,208.0,,No,,317,231,GLU,1.0,Strand,141,23,17,17.8,1.0,-,-0.9,-0.5,40.47,interface,B
,,,3,,,,,,,,,209.0,,No,,309,232,MET,,Strand,137,25,15,0.0,,-,0.0,0.0,0.0,core,B
,,,3,,,,,,,,,210.0,,No,,314,225,LEU,1.0,Strand,135,29,17,0.0,4.0,-,-0.86,-0.62,34.32,interface,B
,,,3,,,,,,,,,211.0,,No,,305,225,CYS,,Strand,134,33,15,0.0,,-,0.0,0.0,0.0,core,B
,,,3,,,,,,,,,212.0,,No,,307,222,PHE,1.0,Strand,130,34,16,6.0,3.0,-,-0.89,-0.63,35.36,interface,B
,,,3,,,,,,,,,213.0,,No,,299,218,VAL,,Strand,129,42,15,0.0,,-,0.0,0.0,0.0,core,B
,,,3,,,,,,,,,214.0,,No,,299,217,SER,1.0,Strand,125,43,15,0.0,1.0,-,-0.01,0.0,0.54,interface,B
,,,3,,,,,,,,,215.0,,No,,296,214,GLY,,Strand,122,47,15,0.0,,-,0.0,0.0,0.0,core,B
,,,3,,,,,,,,,216.0,,No,,293,217,CYS,1.0,Turn,120,47,14,0.2,2.0,-,-0.26,-0.14,13.63,interface,B
,,,3,,,,,,,,,217.0,,No,,289,219,LYS,1.0,Turn,115,49,13,40.4,5.0,-,-4.66,-0.32,168.05,interface,B
,,,3,,,,,,,,,218.0,,No,,284,215,ASP,1.0,Turn,118,56,13,5.1,3.0,-,-1.38,-0.49,72.21,interface,B
,,,3,,,,,,,,,219.0,,No,,288,208,PHE,,Turn,122,57,15,0.0,,-,-0.04,0.04,3.91,core,B
,,,3,,,,,,,,,220.0,,No,,282,205,CYS,1.0,Strand,121,64,15,0.1,4.0,-,-0.66,-0.09,57.31,interface,B
,,,3,,,,,,,,,221.0,,No,,282,201,LEU,1.0,Strand,124,65,16,0.1,1.0,-,-0.37,0.0,23.61,interface,B
,,,3,,,,,,,,,222.0,,No,,272,197,ARG,2.0,Strand,123,75,16,3.9,2.0,-,-3.99,0.97,142.3,interface,B
,,,3,,,,,,,,,223.0,,No,,273,190,MET,2.0,Strand,126,76,18,18.0,5.0,-,-3.83,-2.53,167.46,interface,B
,,,3,,,,,,,,,224.0,,No,,277,188,ALA,1.0,Strand,127,73,19,10.9,3.0,-,-2.33,-1.26,106.66,interface,B
,,,3,,,,,,,,,225.0,,No,,280,192,ARG,2.0,Coil,132,70,18,0.6,3.0,-,-1.66,-0.78,63.4,interface,B
,,,3,,,,,,,,,226.0,,No,,282,185,ASP,1.0,Coil,134,70,20,14.9,4.0,-,-4.68,1.68,176.36,interface,B
,,,3,,,,,,,,,227.0,,No,,287,191,THR,1.0,Turn,135,65,19,3.4,1.0,-,-0.34,-0.01,21.4,interface,B
,,,3,,,,,,,,,228.0,,No,,285,194,ASP,2.0,Turn,138,65,18,59.7,1.0,-,-1.05,-0.57,47.92,interface,B
,,,3,,,,,,,,,229.0,,No,,291,197,LEU,1.0,Turn,138,60,18,7.6,1.0,-,-0.62,-0.09,36.94,interface,B
,,,3,,,,,,,,,230.0,,No,,296,188,HIS,1.0,Turn,139,60,21,10.3,5.0,-,-2.97,-0.46,129.45,interface,B
,,,3,,,,,,,,,231.0,,No,,291,189,LYS,1.0,Coil,144,63,20,104.5,2.0,-,-1.74,-0.95,73.17,interface,B
,,,3,,,,,,,,,232.0,,No,,293,178,GLN,1.0,Coil,143,65,23,25.7,4.0,-,-2.03,0.05,132.36,interface,B
,,,3,,,,,,,,,233.0,,No,,293,182,THR,1.0,Coil,148,64,22,103.9,1.0,-,-0.25,0.12,20.07,interface,B
,,,3,,,,,,,,,234.0,,No,,296,176,GLY,,Coil,147,64,24,34.7,,-,-0.01,0.01,0.92,surfout,B
,,,3,,,,,,,,,235.0,,No,,298,172,PRO,,Coil,147,64,25,126.0,,-,-0.07,0.02,5.15,surfout,B
,,,3,,,,,,,,,236.0,,No,,302,175,ILE,1.0,Coil,144,61,25,3.3,5.0,-,-3.58,-2.21,153.95,interface,B
,,,3,,,,,,,,,238.0,,No,,312,168,GLN,1.0,Coil,145,58,28,135.0,1.0,-,-2.1,-0.24,126.3,interface,B
,,,1,,,,,,,,,1.0,,No,,277,180,ASN,1.0,Coil,98,75,21,117.6,1.0,-,-0.12,-0.09,4.84,interface,A
,,,1,,,,,,,,,2.0,,No,,277,173,PRO,1.0,AlphaHelix,101,76,23,56.1,1.0,-,-1.36,-0.89,57.02,interface,A
,,,1,,,,,,,,,3.0,,No,,269,175,VAL,1.0,AlphaHelix,101,81,22,1.0,4.0,-,-2.8,-2.0,110.97,interface,A
,,,1,,,,,,,,,4.0,,No,,272,182,GLU,,AlphaHelix,101,78,20,102.0,,-,-0.25,-0.18,9.83,surfin,A
,,,1,,,,,,,,,5.0,,No,,282,178,ARG,1.0,AlphaHelix,103,72,22,155.7,1.0,-,-0.14,-0.1,5.39,interface,A
,,,1,,,,,,,,,6.0,,No,,268,171,TYR,1.0,AlphaHelix,107,82,23,17.7,4.0,-,-2.76,-1.3,132.48,interface,A
,,,1,,,,,,,,,7.0,,No,,265,181,VAL,,AlphaHelix,106,83,20,51.9,,-,-0.4,-0.28,15.85,surfin,A
,,,1,,,,,,,,,8.0,,No,,272,186,ASP,,AlphaHelix,107,77,19,36.6,,-,0.0,0.0,0.0,surfin,A
,,,1,,,,,,,,,9.0,,No,,275,176,GLU,1.0,AlphaHelix,110,77,22,25.2,3.0,-,-2.77,1.45,99.37,interface,A
,,,1,,,,,,,,,10.0,,No,,264,178,VAL,2.0,AlphaHelix,111,84,21,15.4,2.0,-,-1.8,-1.03,80.12,interface,A
,,,1,,,,,,,,,11.0,,No,,264,185,LEU,,AlphaHelix,111,84,19,77.5,,-,-0.65,-0.22,33.99,surfout,A
,,,1,,,,,,,,,12.0,,No,,271,186,ASN,2.0,Coil,114,78,19,18.6,3.0,-,-1.29,0.28,92.29,interface,A
,,,1,,,,,,,,,13.0,,No,,271,193,GLU,2.0,Turn,110,77,17,57.8,1.0,-,-0.2,0.04,13.89,interface,A
,,,1,,,,,,,,,14.0,,No,,281,189,VAL,1.0,Turn,110,70,19,42.1,1.0,-,-0.93,-0.67,37.09,interface,A
,,,1,,,,,,,,,15.0,,No,,285,194,LEU,1.0,Turn,112,65,18,53.7,2.0,-,-0.9,-0.64,35.87,interface,A
,,,1,,,,,,,,,16.0,,No,,282,201,VAL,,Bridge,110,65,16,98.2,,-,0.0,0.0,0.0,surfout,A
,,,1,,,,,,,,,17.0,,No,,282,209,VAL,1.0,Coil,113,62,14,1.8,1.0,-,-0.72,-0.51,28.57,interface,A
,,,1,,,,,,,,,18.0,,No,,284,215,PRO,1.0,Coil,112,56,13,76.1,1.0,-,-1.16,-0.76,48.54,interface,A
,,,1,,,,,,,,,19.0,,No,,277,220,ASN,,Coil,110,60,11,46.8,,-,-0.06,0.05,5.61,surfout,A
,,,1,,,,,,,,,20.0,,No,,279,225,ILE,1.0,Bridge,113,54,10,6.4,3.0,-,-1.43,-1.02,56.71,interface,A
,,,1,,,,,,,,,21.0,,No,,280,231,ASN,,Coil,110,46,9,83.0,,-,-0.06,0.05,5.24,surfout,A
,,,1,,,,,,,,,22.0,,No,,274,242,GLN,2.0,Coil,111,39,6,93.3,1.0,-,-0.21,0.11,17.55,interface,A
,,,1,,,,,,,,,23.0,,No,,280,243,SER,,Coil,113,28,7,14.3,,-,-0.02,0.02,2.15,surfout,A
,,,1,,,,,,,,,24.0,,No,,282,249,HIS,,Coil,112,15,7,100.3,,-,-0.27,0.23,8.69,surfout,A
,,,1,,,,,,,,,26.0,,No,,295,254,THR,1.0,Coil,116,3,10,65.9,1.0,-,-0.58,0.4,50.95,interface,A
,,,1,,,,,,,,,27.0,,No,,299,262,THR,1.0,Coil,117,352,11,41.5,4.0,-,-2.55,-1.44,114.07,interface,A
,,,1,,,,,,,,,28.0,,No,,303,257,SER,,Coil,116,359,12,43.7,,-,-0.38,0.14,29.19,surfout,A
,,,1,,,,,,,,,29.0,,No,,310,258,ASN,,Coil,116,358,14,83.3,,-,-1.71,-0.69,85.7,surfout,A
,,,1,,,,,,,,,30.0,,No,,310,250,ALA,,Coil,116,6,14,70.1,,-,-0.05,0.02,3.9,surfout,A
,,,1,,,,,,,,,31.0,,No,,309,246,ALA,1.0,Turn,119,11,14,8.9,2.0,-,-0.86,-0.59,34.56,interface,A
,,,1,,,,,,,,,32.0,,No,,304,241,PRO,1.0,Turn,118,18,13,60.9,1.0,-,-0.23,-0.17,9.33,interface,A
,,,1,,,,,,,,,33.0,,No,,304,240,VAL,1.0,Turn,122,19,13,6.2,5.0,-,-2.23,-1.28,99.46,interface,A
,,,1,,,,,,,,,34.0,,No,,312,241,LEU,1.0,Strand,123,15,15,6.2,6.0,-,-4.79,-3.34,193.29,interface,A
,,,1,,,,,,,,,35.0,,No,,317,233,ASP,1.0,Strand,123,21,17,39.8,2.0,-,-0.93,-0.07,52.59,interface,A
,,,1,,,,,,,,,36.0,,No,,321,232,ALA,1.0,Coil,125,21,18,24.3,1.0,-,-0.7,-0.5,28.12,interface,A
,,,1,,,,,,,,,37.0,,No,,318,226,ALA,1.0,310Helix,127,26,18,5.8,4.0,-,-2.34,-1.5,98.45,interface,A
,,,1,,,,,,,,,38.0,,No,,323,228,GLU,1.0,310Helix,128,23,19,10.4,7.0,-,-3.93,-0.93,207.94,interface,A
,,,1,,,,,,,,,39.0,,No,,326,224,THR,1.0,310Helix,123,25,20,19.2,2.0,-,-1.44,-0.72,67.31,interface,A
,,,1,,,,,,,,,40.0,,No,,322,217,GLY,1.0,Coil,124,31,20,15.2,2.0,-,-1.27,-0.59,61.54,interface,A
,,,1,,,,,,,,,41.0,,No,,319,220,HIS,1.0,Coil,121,30,19,86.2,2.0,-,-0.87,-0.24,47.33,interface,A
,,,1,,,,,,,,,42.0,,No,,311,220,THR,1.0,Coil,122,34,17,10.0,4.0,-,-1.95,-0.89,94.43,interface,A
,,,1,,,,,,,,,43.0,,No,,307,228,ASN,1.0,Coil,121,29,15,18.2,2.0,-,-0.6,-0.28,29.23,interface,A
,,,1,,,,,,,,,44.0,,No,,307,221,LYS,1.0,Coil,117,35,16,124.5,2.0,-,-1.59,1.14,37.02,interface,A
,,,1,,,,,,,,,45.0,,No,,299,231,ILE,1.0,Coil,119,31,13,4.0,3.0,-,-1.01,-0.52,46.89,interface,A
,,,1,,,,,,,,,46.0,,No,,296,226,GLN,1.0,Coil,117,38,13,31.7,3.0,-,-1.02,0.03,66.06,interface,A
,,,1,,,,,,,,,47.0,,No,,289,230,PRO,1.0,310Helix,118,39,11,1.3,6.0,-,-1.95,-1.39,77.44,interface,A
,,,1,,,,,,,,,48.0,,No,,288,234,GLU,1.0,310Helix,115,36,10,24.9,1.0,-,-0.18,0.1,9.55,interface,A
,,,1,,,,,,,,,49.0,,No,,295,238,ASP,,310Helix,117,25,11,47.5,,-,-0.14,0.1,12.51,surfout,A
,,,1,,,,,,,,,50.0,,No,,291,239,THR,1.0,Coil,121,26,10,0.2,2.0,-,-1.72,-0.61,89.79,interface,A
,,,1,,,,,,,,,51.0,,No,,283,240,ILE,1.0,Coil,120,31,8,20.0,3.0,-,-4.07,-2.89,161.71,interface,A
,,,1,,,,,,,,,52.0,,No,,278,247,GLU,1.0,Coil,118,23,6,13.9,4.0,-,-3.02,0.75,127.02,interface,A
,,,1,,,,,,,,,53.0,,No,,277,238,THR,2.0,Coil,116,41,7,0.0,1.0,-,-0.36,-0.21,16.08,interface,A
,,,1,,,,,,,,,54.0,,No,,268,232,ARG,2.0,Coil,115,64,7,18.1,4.0,-,-4.59,0.97,167.06,interface,A
,,,1,,,,,,,,,55.0,,No,,270,228,TYR,2.0,Coil,109,64,8,78.8,1.0,-,-0.67,-0.42,28.49,interface,A
,,,1,,,,,,,,,56.0,,No,,270,224,VAL,2.0,Bridge,113,67,9,5.8,2.0,-,-2.11,-1.5,83.7,interface,A
,,,1,,,,,,,,,57.0,,No,,266,219,GLN,2.0,Coil,110,75,10,66.7,2.0,-,-1.16,0.05,75.96,interface,A
,,,1,,,,,,,,,58.0,,No,,273,213,SER,,Coil,112,69,12,17.6,,-,-0.04,0.01,3.32,surfout,A
,,,1,,,,,,,,,59.0,,No,,268,204,SER,2.0,Coil,113,77,14,32.2,1.0,-,-1.26,-0.38,67.88,interface,A
,,,1,,,,,,,,,60.0,,No,,274,206,GLN,1.0,Coil,116,71,14,9.4,5.0,-,-2.37,-0.94,120.3,interface,A
,,,1,,,,,,,,,62.0,,No,,285,198,LEU,1.0,Coil,116,64,17,18.8,3.0,-,-1.43,-1.02,56.73,interface,A
,,,1,,,,,,,,,63.0,,No,,281,189,ASP,1.0,310Helix,115,70,19,2.3,1.0,-,-0.53,-0.3,23.7,interface,A
,,,1,,,,,,,,,65.0,,No,,289,192,MET,1.0,310Helix,120,63,19,0.0,6.0,-,-3.33,-1.94,154.73,interface,A
,,,1,,,,,,,,,66.0,,No,,291,185,SER,1.0,Bridge,119,64,21,8.4,3.0,-,-0.95,-0.56,41.72,interface,A
,,,1,,,,,,,,,67.0,,No,,297,184,VAL,1.0,AlphaHelix,120,61,22,2.4,1.0,:,-1.18,-0.84,46.84,interface,A
,,,1,,,,,,,,,68.0,,No,,292,177,GLU,1.0,AlphaHelix,119,66,23,9.7,3.0,-,-2.02,-1.05,85.13,interface,A
,,,1,,,,,,,,,69.0,,No,,288,180,SER,2.0,AlphaHelix,121,68,22,0.0,1.0,-,-0.55,-0.39,21.99,interface,A
,,,1,,,,,,,,,70.0,,No,,291,185,PHE,1.0,AlphaHelix,125,64,21,1.0,3.0,-,-1.71,-1.21,67.73,interface,A
,,,1,,,,,,,,,71.0,,No,,295,179,LEU,,AlphaHelix,125,64,23,0.9,,-,0.0,0.0,0.0,core,A
,,,1,,,,,,,,,72.0,,No,,287,172,GLY,,Coil,124,70,24,5.8,,-,-0.3,0.02,19.94,surfout,A
,,,1,,,,,,,,,73.0,,No,,282,178,ARG,1.0,Coil,126,72,22,22.0,5.0,*,-5.55,1.01,176.69,interface,A
,,,1,,,,,,,,,74.0,,No,,284,167,SER,1.0,Coil,129,73,25,4.3,2.0,-,-1.02,-0.13,61.34,interface,A
,,,1,,,,,,,,,75.0,,No,,287,168,GLY,2.0,Strand,132,71,25,0.0,1.0,-,-0.46,-0.33,18.4,interface,A
,,,1,,,,,,,,,76.0,,No,,287,168,CYS,2.0,Strand,136,71,25,0.9,1.0,-,-0.65,-0.4,27.71,interface,A
,,,1,,,,,,,,,77.0,,No,,294,163,ILE,,Strand,136,68,27,1.2,,:,0.0,0.0,0.0,core,A
,,,1,,,,,,,,,78.0,,No,,294,160,HIS,,Strand,140,69,28,20.3,,-,0.0,0.0,0.0,surfout,A
,,,1,,,,,,,,,79.0,,No,,289,162,GLU,,Strand,142,71,27,63.4,,-,-0.27,0.23,13.4,surfout,A
,,,1,,,,,,,,,80.0,,No,,290,155,SER,,Strand,143,72,29,4.8,,-,0.0,0.0,0.0,core,A
,,,1,,,,,,,,,81.0,,No,,288,154,VAL,,Strand,147,73,29,70.9,,-,0.0,0.0,0.0,surfout,A
,,,1,,,,,,,,,82.0,,No,,287,150,LEU,,Strand,147,74,30,3.4,,-,0.0,0.0,0.0,core,A
,,,1,,,,,,,,,83.0,,No,,285,150,ASP,,Strand,152,75,30,42.3,,-,0.0,0.0,0.0,surfout,A
,,,1,,,,,,,,,84.0,,No,,284,146,ILE,,Turn,153,76,31,3.9,,-,0.0,0.0,0.0,core,A
,,,1,,,,,,,,,85.0,,No,,285,150,VAL,,Turn,157,75,30,83.0,,-,0.0,0.0,0.0,surfout,A
,,,1,,,,,,,,,86.0,,No,,289,144,ASP,,Turn,159,74,32,127.0,,-,0.0,0.0,0.0,surfout,A
,,,1,,,,,,,,,87.0,,No,,292,141,ASN,,Turn,156,73,33,64.5,,-,0.0,0.0,0.0,surfout,A
,,,1,,,,,,,,,88.0,,No,,286,140,TYR,,AlphaHelix,152,76,33,7.1,,-,0.0,0.0,0.0,core,A
,,,1,,,,,,,,,90.0,,No,,296,143,ASP,,AlphaHelix,153,71,33,97.4,,-,0.0,0.0,0.0,surfout,A
,,,1,,,,,,,,,91.0,,No,,291,145,GLN,,AlphaHelix,153,73,32,47.0,,-,0.0,0.0,0.0,surfout,A
,,,1,,,,,,,,,92.0,,No,,290,141,SER,,AlphaHelix,148,74,33,0.0,,-,0.0,0.0,0.0,core,A
,,,1,,,,,,,,,93.0,,No,,296,143,PHE,,Strand,147,71,33,27.6,,-,0.0,0.0,0.0,surfout,A
,,,1,,,,,,,,,94.0,,No,,296,150,THR,,Strand,145,70,31,41.2,,-,0.0,0.0,0.0,surfout,A
,,,1,,,,,,,,,95.0,,No,,304,149,LYS,,Strand,144,66,32,123.4,,-,0.0,0.0,0.0,surfout,A
,,,1,,,,,,,,,96.0,,No,,300,159,TRP,,Strand,139,66,29,21.7,,-,0.0,0.0,0.0,surfout,A
,,,1,,,,,,,,,97.0,,No,,309,159,ASN,,Strand,139,62,30,74.5,,-,-0.36,-0.12,18.58,surfout,A
,,,1,,,,,,,,,98.0,,No,,305,157,ILE,,Strand,135,64,30,23.4,,:,0.0,0.0,0.0,surfout,A
,,,1,,,,,,,,,99.0,,No,,306,165,ASN,,Coil,137,62,28,10.8,,-,0.0,0.0,0.0,core,A
,,,1,,,,,,,,,100.0,,No,,302,171,LEU,,Coil,133,62,26,31.1,,-,0.0,0.0,0.0,surfout,A
,,,1,,,,,,,,,101.0,,No,,307,173,GLN,,Coil,137,59,26,10.5,,-,-0.02,0.02,1.69,core,A
,,,1,,,,,,,,,102.0,,No,,301,170,GLU,1.0,Coil,141,63,26,35.7,1.0,-,-0.8,-0.14,46.05,interface,A
,,,1,,,,,,,,,103.0,,No,,295,171,MET,1.0,Coil,139,66,25,24.7,2.0,-,-0.61,-0.25,39.76,interface,A
,,,1,,,,,,,,,104.0,,No,,296,179,ALA,1.0,AlphaHelix,138,63,23,0.2,4.0,-,-1.64,-1.12,66.88,interface,A
,,,1,,,,,,,,,105.0,,No,,289,180,GLN,1.0,AlphaHelix,136,67,22,25.7,4.0,-,-3.13,-0.11,197.01,interface,A
,,,1,,,,,,,,,106.0,,No,,295,175,ILE,2.0,AlphaHelix,133,65,24,1.0,1.0,-,-0.09,-0.06,3.54,interface,A
,,,1,,,,,,,,,107.0,,No,,303,179,ARG,1.0,AlphaHelix,136,59,24,1.2,1.0,-,-0.02,0.02,0.45,interface,A
,,,1,,,,,,,,,108.0,,No,,298,188,ARG,1.0,AlphaHelix,134,59,21,0.2,4.0,-,-3.0,1.4,99.78,interface,A
,,,1,,,,,,,,,109.0,,No,,296,183,LYS,1.0,AlphaHelix,130,62,22,1.7,3.0,-,-1.87,-0.58,65.5,interface,A
,,,1,,,,,,,,,110.0,,No,,302,179,PHE,,AlphaHelix,129,60,24,3.4,,-,0.0,0.0,0.0,core,A
,,,1,,,,,,,,,111.0,,No,,308,183,GLU,,AlphaHelix,133,55,24,5.0,,-,0.0,0.0,0.0,core,A
,,,1,,,,,,,,,112.0,,No,,304,188,MET,1.0,Turn,129,55,22,0.0,3.0,-,-1.32,-0.89,56.83,interface,A
,,,1,,,,,,,,,113.0,,No,,308,186,PHE,1.0,Strand,126,54,23,0.0,2.0,-,-0.54,-0.39,21.46,interface,A
,,,1,,,,,,,,,114.0,,No,,317,185,THR,1.0,Strand,127,50,25,0.0,2.0,-,-0.38,-0.24,16.07,interface,A
,,,1,,,,,,,,,115.0,,No,,319,182,TYR,1.0,Strand,125,50,26,0.2,5.0,:,-1.73,-0.49,94.03,interface,A
,,,1,,,,,,,,,116.0,,No,,311,176,ALA,,Strand,124,56,26,0.0,,-,0.0,0.0,0.0,core,A
,,,1,,,,,,,,,117.0,,No,,312,168,ARG,1.0,Strand,119,58,28,25.8,1.0,-,-1.36,0.59,67.44,interface,A
,,,1,,,,,,,,,118.0,,No,,304,168,PHE,,Strand,124,62,27,3.0,,-,0.0,0.0,0.0,core,A
,,,1,,,,,,,,,119.0,,No,,301,162,ASP,1.0,Strand,121,65,28,13.2,1.0,*,-0.39,0.17,20.29,interface,A
,,,1,,,,,,,,,120.0,,No,,297,161,SER,,Strand,125,67,28,5.8,,-,0.0,0.0,0.0,core,A
,,,1,,,,,,,,,121.0,,No,,288,161,GLU,1.0,Strand,125,72,27,0.0,1.0,*,-0.14,0.1,11.06,interface,A
,,,1,,,,,,,,,122.0,,No,,292,155,ILE,,Strand,129,71,29,10.5,,-,0.0,0.0,0.0,core,A
,,,1,,,,,,,,,123.0,,No,,283,156,THR,1.0,Strand,130,75,28,1.1,2.0,-,-0.45,-0.32,17.86,interface,A
,,,1,,,,,,,,,124.0,,No,,284,153,MET,,Strand,134,75,29,0.3,,-,0.0,0.0,0.0,core,A
,,,1,,,,,,,,,125.0,,No,,278,155,VAL,1.0,Strand,137,78,28,2.2,4.0,-,-1.44,-1.02,56.9,interface,A
,,,1,,,,,,,,,126.0,,No,,277,151,PRO,,Strand,139,79,29,0.0,,-,-0.08,0.07,7.76,core,A
,,,1,,,,,,,,,127.0,,No,,274,154,SER,2.0,Strand,143,80,28,0.0,4.0,-,-1.42,-0.94,59.14,interface,A
,,,1,,,,,,,,,128.0,,No,,273,151,VAL,2.0,Strand,145,81,29,0.0,1.0,-,-0.31,0.09,23.18,interface,A
,,,1,,,,,,,,,129.0,,No,,273,151,ALA,2.0,Strand,149,81,29,0.0,3.0,-,-1.36,-0.97,54.11,interface,A
,,,1,,,,,,,,,130.0,,No,,269,150,ALA,2.0,Strand,151,83,29,0.3,2.0,-,-0.76,-0.19,42.2,interface,A
,,,1,,,,,,,,,131.0,,No,,275,151,LYS,,Turn,154,80,29,51.2,,-,-0.61,-0.1,35.67,surfout,A
,,,1,,,,,,,,,132.0,,No,,270,147,ASP,,Turn,156,83,30,44.4,,-,-0.36,-0.12,19.2,surfout,A
,,,1,,,,,,,,,133.0,,No,,264,146,GLY,2.0,Turn,153,86,30,2.0,3.0,-,-1.12,-0.46,56.21,interface,A
,,,1,,,,,,,,,135.0,,No,,268,143,ILE,2.0,Turn,147,84,31,16.4,2.0,-,-0.67,-0.48,26.5,interface,A
,,,1,,,,,,,,,136.0,,No,,266,140,GLY,1.0,Turn,147,85,32,10.0,2.0,-,-0.86,-0.51,37.58,interface,A
,,,1,,,,,,,,,137.0,,No,,271,134,HIS,1.0,Turn,143,83,34,0.1,4.0,-,-2.72,-0.64,94.97,interface,A
,,,1,,,,,,,,,138.0,,No,,275,141,ILE,,Turn,143,81,32,0.2,,-,0.0,0.0,0.0,core,A
,,,1,,,,,,,,,139.0,,No,,277,138,VAL,1.0,Strand,140,80,33,0.0,3.0,-,-0.7,-0.5,27.91,interface,A
,,,1,,,,,,,,,141.0,,No,,291,138,GLN,,Strand,138,74,34,0.0,,-,0.0,0.0,0.0,core,A
,,,1,,,,,,,,,142.0,,No,,288,147,TYR,,Strand,137,74,31,1.3,,-,0.0,0.0,0.0,core,A
,,,1,,,,,,,,,143.0,,No,,299,140,MET,,Strand,136,70,34,0.0,,-,0.0,0.0,0.0,core,A
,,,1,,,,,,,,,144.0,,No,,303,149,TYR,1.0,Strand,132,67,32,4.8,2.0,:,-0.48,-0.27,21.0,interface,A
,,,1,,,,,,,,,145.0,,No,,306,147,VAL,,Strand,136,66,33,0.2,,-,0.0,0.0,0.0,core,A
,,,1,,,,,,,,,146.0,,No,,311,145,PRO,1.0,Turn,133,64,34,2.0,3.0,*,-1.55,-1.11,61.43,interface,A
,,,1,,,,,,,,,148.0,,No,,319,146,GLY,1.0,Turn,136,61,35,18.2,2.0,*,-1.36,-0.58,67.13,interface,A
,,,1,,,,,,,,,149.0,,No,,315,144,ALA,1.0,Turn,137,63,35,3.9,1.0,-,-0.55,-0.39,21.93,interface,A
,,,1,,,,,,,,,150.0,,No,,312,139,PRO,1.0,Coil,139,65,36,26.3,1.0,-,-1.53,-1.09,60.69,interface,A
,,,1,,,,,,,,,152.0,,No,,304,139,PRO,,Coil,143,68,35,2.5,,-,0.0,0.0,0.0,core,A
,,,1,,,,,,,,,153.0,,No,,306,140,THR,,Coil,148,67,35,113.8,,-,0.0,0.0,0.0,surfout,A
,,,1,,,,,,,,,154.0,,No,,300,137,THR,,Turn,148,70,35,72.5,,-,0.0,0.0,0.0,surfout,A
,,,1,,,,,,,,,155.0,,No,,292,135,ARG,,Turn,147,74,35,8.5,,-,-0.03,0.03,2.86,core,A
,,,1,,,,,,,,,156.0,,No,,297,133,ASP,,Turn,147,72,36,94.0,,-,-0.64,0.39,15.89,surfout,A
,,,1,,,,,,,,,157.0,,No,,303,135,ASP,,Turn,144,69,36,26.6,,-,0.0,0.0,0.0,surfout,A
,,,1,,,,,,,,,158.0,,No,,308,130,TYR,1.0,310Helix,141,68,38,40.8,4.0,-,-2.9,-1.65,129.8,interface,A
,,,1,,,,,,,,,159.0,,No,,303,135,ALA,,310Helix,140,69,36,0.5,,-,-0.3,-0.19,13.07,core,A
,,,1,,,,,,,,,160.0,,No,,298,137,TRP,,310Helix,141,71,35,3.2,,-,-0.03,0.02,2.68,core,A
,,,1,,,,,,,,,161.0,,No,,301,128,GLN,1.0,310Helix,138,71,38,14.7,4.0,-,-2.41,0.05,156.32,interface,A
,,,1,,,,,,,,,162.0,,No,,299,134,SER,1.0,Turn,134,71,36,0.5,1.0,-,-0.75,-0.16,42.09,interface,A
,,,1,,,,,,,,,163.0,,No,,302,132,GLY,1.0,Turn,132,70,37,0.1,5.0,-,-1.76,-0.65,91.09,interface,A
,,,1,,,,,,,,,164.0,,No,,307,133,THR,1.0,Turn,130,68,37,21.4,5.0,-,-3.72,-1.43,189.73,interface,A
,,,1,,,,,,,,,165.0,,No,,304,139,ASN,1.0,Turn,132,68,35,2.0,1.0,-,-0.41,0.04,27.13,interface,A
,,,1,,,,,,,,,166.0,,No,,299,140,ALA,1.0,Strand,131,70,34,7.9,3.0,-,-2.42,-1.72,96.44,interface,A
,,,1,,,,,,,,,167.0,,No,,293,138,SER,1.0,Strand,133,73,34,0.0,1.0,-,-0.34,0.14,26.88,interface,A
,,,1,,,,,,,,,168.0,,No,,288,140,VAL,1.0,Strand,132,75,33,3.1,2.0,-,-0.92,-0.66,36.35,interface,A
,,,1,,,,,,,,,169.0,,No,,284,136,PHE,1.0,Strand,135,77,34,6.9,5.0,:,-3.31,-1.85,148.73,interface,A
,,,1,,,,,,,,,170.0,,No,,276,144,TRP,2.0,Strand,137,80,31,0.5,1.0,-,-0.42,-0.3,16.75,interface,A
,,,1,,,,,,,,,171.0,,No,,271,137,GLN,1.0,Strand,137,83,33,0.0,3.0,-,-1.17,0.24,83.33,interface,A
,,,1,,,,,,,,,172.0,,No,,268,143,HIS,2.0,Turn,140,84,31,31.1,1.0,-,-0.66,-0.02,35.05,interface,A
,,,1,,,,,,,,,173.0,,No,,264,143,GLY,2.0,Turn,137,86,31,26.5,1.0,-,-0.83,-0.2,46.75,interface,A
,,,1,,,,,,,,,174.0,,No,,266,140,GLN,1.0,Turn,133,85,32,27.8,2.0,-,-1.36,0.27,96.52,interface,A
,,,1,,,,,,,,,175.0,,No,,268,147,PRO,1.0,Coil,131,84,30,21.5,4.0,-,-3.52,-2.46,141.27,interface,A
,,,1,,,,,,,,,176.0,,No,,273,154,PHE,1.0,Coil,133,81,28,4.5,4.0,-,-3.39,-2.23,141.22,interface,A
,,,1,,,,,,,,,177.0,,No,,279,148,PRO,1.0,Coil,132,78,30,0.0,1.0,-,-0.43,-0.3,16.96,interface,A
,,,1,,,,,,,,,178.0,,No,,281,152,ARG,1.0,Strand,127,77,29,18.2,6.0,-,-4.71,2.17,183.2,interface,A
,,,1,,,,,,,,,179.0,,No,,289,151,PHE,1.0,Strand,128,73,30,5.0,2.0,-,-1.76,-1.26,69.98,interface,A
,,,1,,,,,,,,,180.0,,No,,293,152,SER,1.0,Bridge,123,71,30,4.4,4.0,-,-1.72,-0.73,85.33,interface,A
,,,1,,,,,,,,,181.0,,No,,300,155,LEU,1.0,Strand,125,67,30,6.1,2.0,:,-0.37,-0.27,14.81,interface,A
,,,1,,,,,,,,,182.0,,No,,305,153,PRO,1.0,Coil,122,65,31,9.7,4.0,*,-2.81,-2.01,111.57,interface,A
,,,1,,,,,,,,,183.0,,No,,312,161,PHE,1.0,Coil,122,60,30,2.5,2.0,:,-0.55,-0.06,33.2,interface,A
,,,1,,,,,,,,,184.0,,No,,310,156,LEU,1.0,Coil,126,62,31,10.4,3.0,-,-1.52,-0.74,72.41,interface,A
,,,1,,,,,,,,,185.0,,No,,319,161,SER,,Turn,125,57,31,3.3,,-,-0.3,0.24,27.63,surfout,A
,,,1,,,,,,,,,187.0,,No,,324,164,ALA,1.0,Turn,124,54,31,6.9,2.0,-,-1.48,-0.98,61.58,interface,A
,,,1,,,,,,,,,188.0,,No,,324,168,SER,1.0,Turn,120,53,30,7.3,2.0,-,-2.33,-0.9,118.49,interface,A
,,,1,,,,,,,,,189.0,,No,,318,172,ALA,1.0,Coil,123,54,28,2.0,2.0,:,-0.43,-0.28,18.04,interface,A
,,,1,,,,,,,,,190.0,,No,,312,168,TYR,,Strand,126,58,28,15.0,,-,0.0,0.0,0.0,core,A
,,,1,,,,,,,,,192.0,,No,,314,178,MET,,Turn,130,54,26,13.9,,-,0.0,0.0,0.21,core,A
,,,1,,,,,,,,,193.0,,No,,316,184,PHE,1.0,Turn,132,51,25,6.0,1.0,-,-0.7,-0.47,28.47,interface,A
,,,1,,,,,,,,,194.0,,No,,329,177,TYR,1.0,Turn,133,48,29,10.3,3.0,:,-0.96,-0.03,60.24,interface,A
,,,1,,,,,,,,,195.0,,No,,332,184,ASP,1.0,Coil,135,44,28,0.2,6.0,-,-2.62,0.22,135.43,interface,A
,,,1,,,,,,,,,196.0,,No,,332,179,GLY,1.0,Bridge,136,46,29,0.0,1.0,*,-0.41,-0.29,16.14,interface,A
,,,1,,,,,,,,,197.0,,No,,334,177,TYR,1.0,Bridge,139,46,30,0.8,3.0,-,-2.01,-0.53,110.33,interface,A
,,,1,,,,,,,,,198.0,,No,,334,168,ASP,1.0,Turn,139,49,32,17.0,1.0,-,-1.25,-0.22,72.22,interface,A
,,,1,,,,,,,,,199.0,,No,,339,172,GLY,1.0,Turn,139,46,32,16.4,1.0,-,-0.59,-0.31,26.92,interface,A
,,,1,,,,,,,,,200.0,,No,,346,174,ASP,1.0,Turn,141,43,33,29.1,4.0,-,-2.39,-0.3,135.63,interface,A
,,,1,,,,,,,,,203.0,,No,,337,171,LYS,,Turn,148,47,32,152.8,,-,-0.11,-0.08,4.37,surfout,A
,,,1,,,,,,,,,204.0,,No,,335,173,SER,1.0,Turn,143,47,31,9.4,1.0,-,-0.1,0.08,9.62,interface,A
,,,1,,,,,,,,,205.0,,No,,329,168,ARG,1.0,Coil,141,51,31,103.8,1.0,-,-0.28,0.15,23.08,interface,A
,,,1,,,,,,,,,206.0,,No,,328,180,TYR,1.0,Bridge,140,47,28,0.2,5.0,-,-2.12,-0.87,105.84,interface,A
,,,1,,,,,,,,,207.0,,No,,324,177,GLY,1.0,Coil,137,50,28,0.0,1.0,-,-0.17,-0.12,6.69,interface,A
,,,1,,,,,,,,,208.0,,No,,320,174,THR,1.0,310Helix,135,53,28,1.0,1.0,-,-0.06,-0.04,2.52,interface,A
,,,1,,,,,,,,,209.0,,No,,320,170,VAL,,310Helix,138,54,29,38.7,,-,-0.41,-0.29,16.45,surfout,A
,,,1,,,,,,,,,210.0,,No,,325,169,VAL,1.0,310Helix,136,52,30,2.1,1.0,-,-0.5,-0.06,30.14,interface,A
,,,1,,,,,,,,,211.0,,No,,324,168,THR,1.0,Coil,132,53,30,6.4,1.0,-,-0.56,-0.33,24.73,interface,A
,,,1,,,,,,,,,212.0,,No,,317,168,ASN,,Coil,133,56,29,17.9,,-,0.0,0.0,0.0,surfout,A
,,,1,,,,,,,,,214.0,,No,,311,160,MET,,Coil,132,61,30,19.0,,-,-0.09,-0.06,3.54,surfout,A
,,,1,,,,,,,,,215.0,,No,,309,155,GLY,,Strand,135,63,31,1.2,,*,0.0,0.0,0.0,core,A
,,,1,,,,,,,,,218.0,,No,,299,147,CYS,,Strand,139,69,32,0.0,,-,0.0,0.0,0.0,core,A
,,,1,,,,,,,,,219.0,,No,,293,145,SER,,Strand,141,72,32,0.5,,-,0.0,0.0,0.0,core,A
,,,1,,,,,,,,,220.0,,No,,291,138,ARG,1.0,Strand,142,74,34,1.5,1.0,-,-0.63,0.52,30.28,interface,A
,,,1,,,,,,,,,221.0,,No,,286,140,ILE,,Strand,145,76,33,0.0,,-,0.0,0.0,0.0,core,A
,,,1,,,,,,,,,222.0,,No,,284,136,VAL,1.0,Coil,142,77,34,0.0,3.0,-,-1.06,-0.6,47.37,interface,A
,,,1,,,,,,,,,223.0,,No,,280,135,THR,1.0,Coil,145,79,34,0.0,2.0,-,-0.67,-0.48,26.69,interface,A
,,,1,,,,,,,,,224.0,,No,,281,132,SER,1.0,Coil,149,79,35,17.1,3.0,-,-1.29,-0.39,69.7,interface,A
,,,1,,,,,,,,,226.0,,No,,275,138,GLN,1.0,Turn,151,81,33,6.6,2.0,-,-0.75,-0.36,36.05,interface,A
,,,1,,,,,,,,,227.0,,No,,273,137,LEU,1.0,Turn,157,82,33,107.4,1.0,-,-1.55,-1.08,62.39,interface,A
,,,1,,,,,,,,,228.0,,No,,271,140,HIS,1.0,Turn,155,83,32,32.7,1.0,-,-0.35,0.0,11.17,interface,A
,,,1,,,,,,,,,229.0,,No,,276,144,LYS,,Turn,155,80,31,76.9,,-,0.0,0.0,0.0,surfout,A
,,,1,,,,,,,,,230.0,,No,,276,144,VAL,,Strand,150,80,31,1.8,,-,0.0,0.0,0.0,core,A
,,,1,,,,,,,,,232.0,,No,,281,149,VAL,,Strand,145,77,30,0.0,,-,0.0,0.0,0.0,core,A
,,,1,,,,,,,,,233.0,,No,,282,156,VAL,2.0,Strand,144,76,28,5.4,1.0,-,-0.29,-0.2,11.42,interface,A
,,,1,,,,,,,,,234.0,,No,,284,153,THR,,Strand,140,75,29,0.0,,-,0.0,0.0,0.0,core,A
,,,1,,,,,,,,,235.0,,No,,282,160,ARG,2.0,Strand,140,75,27,8.8,2.0,-,-1.48,0.52,69.94,interface,A
,,,1,,,,,,,,,236.0,,No,,289,158,ILE,,Strand,136,72,28,2.3,,-,0.0,0.0,0.0,core,A
,,,1,,,,,,,,,237.0,,No,,283,163,TYR,1.0,Strand,134,74,26,0.0,3.0,-,-1.27,-0.56,62.06,interface,A
,,,1,,,,,,,,,238.0,,No,,293,167,HIS,,Strand,129,68,26,4.8,,-,0.0,0.0,0.0,core,A
,,,1,,,,,,,,,239.0,,No,,288,165,LYS,,Strand,125,71,26,2.1,,:,-2.38,1.51,57.52,surfout,A
,,,1,,,,,,,,,240.0,,No,,295,167,ALA,,Strand,124,67,26,0.1,,-,0.0,0.0,0.0,core,A
,,,1,,,,,,,,,241.0,,No,,293,163,LYS,1.0,Strand,120,69,27,3.3,1.0,*,-2.5,0.86,69.1,interface,A
,,,1,,,,,,,,,242.0,,No,,298,165,HIS,1.0,Strand,117,66,27,42.0,2.0,-,-1.66,-0.69,78.53,interface,A
,,,1,,,,,,,,,244.0,,No,,310,175,LYS,1.0,Strand,117,57,26,69.4,2.0,-,-2.19,0.0,69.04,interface,A
,,,1,,,,,,,,,245.0,,No,,308,183,ALA,,Strand,121,55,24,0.0,,-,-0.26,0.21,23.89,surfout,A
,,,1,,,,,,,,,246.0,,No,,315,183,TRP,1.0,Strand,120,52,25,5.1,3.0,:,-2.04,-0.99,96.61,interface,A
,,,1,,,,,,,,,247.0,,No,,317,190,CYS,1.0,Strand,124,48,24,7.9,4.0,-,-1.19,-0.23,96.35,interface,A
,,,1,,,,,,,,,248.0,,No,,312,195,PRO,1.0,Strand,125,48,22,29.2,4.0,*,-2.99,-1.85,128.52,interface,A
,,,1,,,,,,,,,249.0,,No,,315,192,ARG,1.0,Coil,130,48,23,2.5,3.0,-,-1.82,0.78,84.35,interface,A
,,,1,,,,,,,,,250.0,,No,,310,197,PRO,1.0,Coil,132,48,21,2.6,6.0,-,-3.2,-2.17,131.17,interface,A
,,,1,,,,,,,,,251.0,,No,,306,194,PRO,1.0,Coil,133,52,21,6.2,3.0,-,-1.83,-1.25,74.71,interface,A
,,,1,,,,,,,,,252.0,,No,,306,189,ARG,1.0,Bridge,139,54,22,4.2,3.0,-,-0.77,-0.07,27.83,interface,A
,,,1,,,,,,,,,253.0,,No,,303,197,ALA,1.0,Coil,140,52,20,2.9,1.0,-,-1.81,-1.21,74.55,interface,A
,,,1,,,,,,,,,254.0,,No,,305,193,VAL,1.0,Coil,142,53,21,2.9,2.0,-,-0.5,-0.33,20.92,interface,A
,,,1,,,,,,,,,255.0,,No,,301,186,GLN,1.0,Coil,145,58,22,44.1,3.0,-,-1.77,-0.07,111.11,interface,A
,,,1,,,,,,,,,256.0,,No,,304,184,TYR,1.0,Coil,140,57,23,7.2,2.0,-,-0.41,-0.16,21.0,interface,A
,,,1,,,,,,,,,257.0,,No,,309,179,SER,,Coil,146,56,25,16.9,,-,-0.38,0.02,25.13,surfout,A
,,,1,,,,,,,,,261.0,,No,,315,179,THR,1.0,Turn,141,53,26,2.7,1.0,-,-0.72,-0.43,31.42,interface,A
,,,1,,,,,,,,,262.0,,No,,317,185,THR,1.0,Coil,140,50,25,3.6,3.0,-,-1.4,-0.57,70.27,interface,A
,,,1,,,,,,,,,263.0,,No,,316,184,ASN,1.0,Coil,144,51,25,0.6,3.0,-,-1.31,0.18,90.46,interface,A
,,,1,,,,,,,,,264.0,,No,,314,191,TYR,1.0,Bridge,145,49,23,1.1,6.0,-,-2.0,-0.27,119.22,interface,A
,,,1,,,,,,,,,265.0,,No,,309,187,LYS,1.0,Coil,150,53,23,136.2,1.0,-,-0.72,-0.52,28.78,interface,A
,,,1,,,,,,,,,266.0,,No,,311,194,LEU,1.0,Coil,150,49,22,28.1,5.0,-,-1.47,-0.78,67.71,interface,A
,,,1,,,,,,,,,268.0,,No,,307,200,SER,,Turn,156,48,20,128.4,,-,0.0,0.0,0.0,surfout,A
,,,1,,,,,,,,,269.0,,No,,303,201,GLU,,Turn,155,50,19,105.6,,-,-0.05,-0.03,1.85,surfout,A
,,,1,,,,,,,,,270.0,,No,,305,203,VAL,1.0,310Helix,150,48,19,34.1,2.0,-,-1.64,-1.17,65.16,interface,A
,,,1,,,,,,,,,271.0,,No,,300,203,HIS,1.0,310Helix,150,51,18,24.3,2.0,-,-1.37,-0.28,50.78,interface,A
,,,1,,,,,,,,,272.0,,No,,299,198,ASN,,310Helix,151,54,19,88.7,,-,-0.11,0.09,9.81,surfout,A
,,,1,,,,,,,,,273.0,,No,,302,196,ASP,,Coil,148,53,20,29.7,,-,0.0,0.0,0.21,surfout,A
,,,1,,,,,,,,,274.0,,No,,301,200,VAL,1.0,Coil,144,52,19,12.4,3.0,-,-0.83,-0.6,33.0,interface,A
,,,1,,,,,,,,,275.0,,No,,296,200,ALA,1.0,Coil,142,55,18,27.2,1.0,-,-1.82,-1.15,77.71,interface,A
,,,1,,,,,,,,,276.0,,No,,298,207,ILE,1.0,Coil,143,50,17,7.4,6.0,-,-4.15,-2.96,164.63,interface,A
,,,1,,,,,,,,,277.0,,No,,288,208,ARG,1.0,Coil,144,57,15,146.8,1.0,-,-1.74,0.45,72.23,interface,A
,,,1,,,,,,,,,278.0,,No,,293,212,PRO,1.0,Coil,148,50,15,50.1,2.0,-,-1.19,-0.85,47.42,interface,A
,,,1,,,,,,,,,279.0,,No,,294,218,ARG,1.0,Bridge,145,45,14,16.2,4.0,-,-2.83,-0.21,113.68,interface,A
,,,1,,,,,,,,,280.0,,No,,292,221,THR,,Coil,150,45,13,114.6,,-,-0.06,0.05,5.67,surfout,A
,,,1,,,,,,,,,281.0,,No,,292,227,ASN,,Turn,148,40,12,64.5,,-,-0.35,-0.25,13.95,surfout,A
,,,1,,,,,,,,,282.0,,No,,297,228,LEU,1.0,Turn,144,35,13,34.0,4.0,-,-3.19,-2.05,134.26,interface,A
,,,1,,,,,,,,,283.0,,No,,290,231,THR,1.0,Turn,145,37,11,40.7,2.0,-,-2.06,-1.26,89.2,interface,A
,,,1,,,,,,,,,284.0,,No,,286,226,THR,,Turn,146,45,11,67.7,,-,-0.02,-0.01,0.86,surfout,A
,,,1,,,,,,,,,285.0,,No,,284,224,VAL,1.0,Coil,142,50,11,48.4,4.0,-,-3.46,-1.97,154.26,interface,A
