VP,residue,AA
2,8,G
2,9,Y
2,10,S
2,13,V
2,14,Q
2,15,Q
2,16,I
2,17,T
2,18,L
2,19,G
2,20,N
2,21,S
2,22,T
2,23,I
2,24,T
2,25,T
2,26,Q
2,38,W
2,52,K
2,54,S
2,56,P
2,57,D
2,58,T
2,59,S
2,62,R
2,63,F
2,64,Y
2,65,T
2,66,L
2,67,D
2,68,S
2,70,T
2,88,D
2,89,M
2,90,G
2,91,V
2,94,Q
2,98,F
2,99,H
2,111,Q
2,113,N
2,114,A
2,115,T
2,116,K
2,117,F
2,195,N
2,196,T
2,200,V
2,231,P
2,238,L
2,239,P
2,241,T
2,243,T
2,255,I
3,76,Q
3,77,N
3,122,L
3,124,S
3,125,A
3,126,K
3,142,R
3,143,R
3,146,M
3,147,L
3,148,G
3,149,T
3,150,H
3,151,V
3,152,V
3,153,W
3,154,D
3,156,G
3,157,L
3,158,Q
3,193,Q
3,194,T
3,195,S
3,197,I
3,200,E
1,25,P
1,26,K
1,27,H
1,28,T
1,29,Q
1,30,K
1,31,V
1,32,P
1,33,I
1,34,L
1,49,D
1,50,S
1,51,I
1,52,E
4,57,K
4,58,D
4,64,A
4,65,P