Sample,AF,Change,VP,Patient,Sample ID,Day,Sequencing Method,Serotype,ChangeNum,Group,1AYM_Position,1AYM_Position_Relative,SurfaceArea,iSNV,Structure
SRR8356913,31.81,G89D,3.0,S03,BAL3,28.0,PCR-tiling,B97,89.0,12-30,420,91.0,,Yes,coil
SRR8356913,15.2,N198S,1.0,S03,BAL3,28.0,PCR-tiling,B97,198.0,12-30,758,191.0,,Yes,strand
SRR8356908,10.02,N198S,1.0,S04,BAL4,9.0,mNGS + PCR-tiling,B06,198.0,9,758,191.0,,Yes,strand
SRR8356917,20.61,T180I,3.0,S03,NW3,29.0,mNGS + PCR-tiling,B97,180.0,12-30,511,182.0,,Yes,turn
SRR8356917,33.78,I224M,1.0,S03,NW3,29.0,mNGS + PCR-tiling,B97,224.0,12-30,784,217.0,,Yes,strand
SRR8356908,82.63,V200I,2.0,S04,BAL4,9.0,mNGS + PCR-tiling,B06,200.0,9,269,201.0,,Yes,strand
SRR8356908,79.01,T265A,1.0,S04,BAL4,9.0,mNGS + PCR-tiling,B06,265.0,9,825,258.0,,Yes,strand
SRR8356919,28.5,D177E,3.0,S04,NW4,8.0,PCR-tiling,B06,177.0,8,508,179.0,,Yes,coil
SRR8356919,13.48,N61S,1.0,S04,NW4,8.0,PCR-tiling,B06,61.0,8,628,61.0,,Yes,coil
SRR8356919,24.26,E95G,1.0,S04,NW4,8.0,PCR-tiling,B06,95.0,8,656,89.0,,Yes,turn
SRR8356922,47.33,E91G,1.0,S11,BAL11b,73.0,PCR-tiling,A82,,68+,656,89.0,38%,Yes,turn
SRR8356919,15.52,P155S,1.0,S04,NW4,8.0,PCR-tiling,B06,155.0,8,714,147.0,,Yes,turn
SRR8356919,36.68,D220H,1.0,S04,NW4,8.0,PCR-tiling,B06,220.0,8,780,213.0,,Yes,turn
SRR8356922,31.3,D215H,1.0,S11,BAL11b,73.0,PCR-tiling,A82,,68+,780,213.0,22%,Yes,turn
SRR8356920,10.23,E64V,1.0,S02,NW2,0.0,mNGS,C36,64.0,0,631,64.0,,Yes,helix
SRR8356927,99.11,I32V,2.0,S12,BAL12b,108.0,mNGS,C28,32.0,68+,100,32.0,,Yes,strand
SRR8356927,88.36,G137S,2.0,S12,BAL12b,108.0,mNGS,C28,137.0,68+,205,137.0,,Yes,turn
SRR8356905,11.81,T137I,2.0,S08,BAL8,13.0,mNGS,A78,,12-30,205,137.0,8%,Yes,turn
SRR8356928,32.22,K140E,1.0,S12,BAL12a,72.0,mNGS,C28,140.0,68+,718,151.0,,Yes,strand
SRR8356905,100.0,M154I,1.0,S08,BAL8,13.0,mNGS,A78,,12-30,718,151.0,19%,Yes,strand
SRR8356910,45.1,V154I,1.0,S07,BAL7b,68.0,mNGS+ PCR-tiling,A58,,68+,718,151.0,19%,Yes,strand
SRR8356928,13.35,V189I,1.0,S12,BAL12a,72.0,mNGS,C28,189.0,68+,769,202.0,,Yes,strand
SRR8356929,27.69,A203T,1.0,S06,NW6,71.0,mNGS + PCR-tiling,A105,,68+,769,202.0,55%,Yes,strand
SRR8356925,26.26,N166K,2.0,S09,BAL9b,12.0,mNGS,A102,,12-30,232,164.0,10%,Yes,turn
SRR8356922,42.19,Y165S,2.0,S11,BAL11b,73.0,PCR-tiling,A82,,68+,232,164.0,10%,Yes,turn
SRR8356925,58.71,Q185R,3.0,S09,BAL9b,12.0,mNGS,A102,,12-30,514,185.0,5%,Yes,turn
SRR8356925,27.27,K275E,1.0,S09,BAL9b,12.0,mNGS,A102,,12-30,834,267.0,35%,Yes,coil
SRR8356910,44.44,D270N,1.0,S07,BAL7b,68.0,mNGS+ PCR-tiling,A58,,68+,834,267.0,35%,Yes,coil
SRR8356926,24.24,T74A,2.0,S09,BAL9a,0.0,mNGS,A102,,0,142,74.0,61%,Yes,coil
SRR8356926,25.74,I123V,2.0,S09,BAL9a,0.0,mNGS,A102,,0,191,123.0,0%,Yes,strand
SRR8356905,14.89,V140I,2.0,S08,BAL8,13.0,mNGS,A78,,12-30,208,140.0,12%,Yes,coil
SRR8356905,22.37,I155T,2.0,S08,BAL8,13.0,mNGS,A78,,12-30,223,155.0,19%,Yes,helix
SRR8356905,24.84,N164S,2.0,S08,BAL8,13.0,mNGS,A78,,12-30,230,162.0,43%,Yes,turn
SRR8356922,44.88,T163I,2.0,S11,BAL11b,73.0,PCR-tiling,A82,,68+,230,162.0,43%,Yes,turn
SRR8356905,11.21,S104N,3.0,S08,BAL8,13.0,mNGS,A78,,12-30,433,104.0,0%,Yes,coil
SRR8356923,47.64,S103N,3.0,S11,BAL11c,90.0,PCR-tiling,A82,,68+,433,104.0,0%,Yes,coil
SRR8356905,13.58,T219A,1.0,S08,BAL8,13.0,mNGS,A78,,12-30,783,216.0,0%,Yes,turn
SRR8356905,21.21,Y263H,1.0,S08,BAL8,13.0,mNGS,A78,,12-30,827,260.0,0%,Yes,coil
SRR8356924,97.09,N145K,2.0,S10,BAL10b,190.0,mNGS,A39,,68+,213,145.0,52%,Yes,strand
SRR8356929,12.72,K145R,2.0,S06,NW6,71.0,mNGS + PCR-tiling,A105,,68+,213,145.0,52%,Yes,strand
SRR8356924,96.13,H29Q,3.0,S10,BAL10b,190.0,mNGS,A39,,68+,358,29.0,82%,Yes,coil
SRR8356924,87.1,P25S,1.0,S10,BAL10b,190.0,mNGS,A39,,68+,592,25.0,62%,Yes,coil
SRR8356924,12.11,M141T,1.0,S10,BAL10b,190.0,mNGS,A39,,68+,707,140.0,0%,Yes,strand
SRR8356924,53.93,V244I,1.0,S10,BAL10b,190.0,mNGS,A39,,68+,810,243.0,1%,Yes,turn
SRR8356907,10.26,V57A,4.0,S05,BAL5,20.0,mNGS,A57,,12-30,57,57.0,,Yes,helix
SRR8356907,10.13,S261N,2.0,S05,BAL5,20.0,mNGS,A57,,12-30,326,258.0,10%,Yes,strand
SRR8356907,32.11,T260K,1.0,S05,BAL5,20.0,mNGS,A57,,12-30,826,259.0,0%,Yes,coil
SRR8356930,11.99,K232Q,1.0,S05,NW5,15.0,mNGS,A57,,12-30,798,231.0,31%,Yes,helix
SRR8356915,18.88,E45G,4.0,S11,NW11,83.0,mNGS + PCR-tiling,A82,,68+,45,45.0,,Yes,turn
SRR8356915,28.47,F46L,4.0,S11,NW11,83.0,mNGS + PCR-tiling,A82,,68+,46,46.0,,Yes,turn
SRR8356915,12.16,A29T,2.0,S11,NW11,83.0,mNGS + PCR-tiling,A82,,68+,97,29.0,0%,Yes,strand
SRR8356915,41.57,R73G,2.0,S11,NW11,83.0,mNGS + PCR-tiling,A82,,68+,141,73.0,23%,Yes,coil
SRR8356915,13.4,E161G,2.0,S11,NW11,83.0,mNGS + PCR-tiling,A82,,68+,228,160.0,82%,Yes,coil
SRR8356915,15.95,V209I,2.0,S11,NW11,83.0,mNGS + PCR-tiling,A82,,68+,276,208.0,6%,Yes,strand
SRR8356915,10.4,Y57C,3.0,S11,NW11,83.0,mNGS + PCR-tiling,A82,,68+,386,57.0,0%,Yes,coil
SRR8356915,20.3,A171V,3.0,S11,NW11,83.0,mNGS + PCR-tiling,A82,,68+,501,172.0,70%,Yes,coil
SRR8356915,55.61,D136G,1.0,S11,NW11,83.0,mNGS + PCR-tiling,A82,,68+,701,134.0,63%,Yes,helix
SRR8356915,99.85,T188I,1.0,S11,NW11,83.0,mNGS + PCR-tiling,A82,,68+,753,186.0,53%,Yes,helix
SRR8356922,99.54,I28V,2.0,S11,BAL11b,73.0,PCR-tiling,A82,,68+,96,28.0,0%,Yes,strand
SRR8356923,79.9,E159G,2.0,S11,BAL11c,90.0,PCR-tiling,A82,,68+,227,159.0,29%,Yes,helix
SRR8356923,85.72,V203A,1.0,S11,BAL11c,90.0,PCR-tiling,A82,,68+,768,201.0,34%,Yes,turn
SRR8356909,25.0,T237A,3.0,S07,BAL7a,0.0,mNGS+ PCR-tiling,A58,,0,566,237.0,40%,Yes,coil
SRR8356910,33.33,S74T,3.0,S07,BAL7b,68.0,mNGS+ PCR-tiling,A58,,68+,403,74.0,23%,Yes,coil
SRR8356910,47.06,A139V,3.0,S07,BAL7b,68.0,mNGS+ PCR-tiling,A58,,68+,468,139.0,65%,Yes,coil
SRR8356914,100.0,S76T,2.0,S07,NW7,13.0,mNGS,A58,,12-30,144,76.0,27%,Yes,turn
SRR8356929,26.52,V110I,2.0,S06,NW6,71.0,mNGS + PCR-tiling,A105,,68+,178,110.0,0%,Yes,strand
SRR8356929,16.58,Q226R,1.0,S06,NW6,71.0,mNGS + PCR-tiling,A105,,68+,792,225.0,49%,Yes,helix
,,,,,,,,,,,1,,,No,coil
,,,,,,,,,,,2,,,No,strand
,,,,,,,,,,,3,,,No,strand
,,,,,,,,,,,4,,,No,strand
,,,,,,,,,,,5,,,No,strand
,,,,,,,,,,,6,,,No,strand
,,,,,,,,,,,7,,,No,strand
,,,,,,,,,,,8,,,No,turn
,,,,,,,,,,,9,,,No,coil
,,,,,,,,,,,10,,,No,coil
,,,,,,,,,,,11,,,No,coil
,,,,,,,,,,,12,,,No,coil
,,,,,,,,,,,13,,,No,coil
,,,,,,,,,,,14,,,No,strand
,,,,,,,,,,,15,,,No,strand
,,,,,,,,,,,16,,,No,strand
,,,,,,,,,,,17,,,No,strand
,,,,,,,,,,,18,,,No,strand
,,,,,,,,,,,19,,,No,coil
,,,,,,,,,,,20,,,No,coil
,,,,,,,,,,,21,,,No,turn
,,,,,,,,,,,22,,,No,coil
,,,,,,,,,,,23,,,No,coil
,,,,,,,,,,,24,,,No,coil
,,,,,,,,,,,25,,,No,strand
,,,,,,,,,,,26,,,No,strand
,,,,,,,,,,,27,,,No,strand
,,,,,,,,,,,28,,,No,strand
,,,,,,,,,,,29,,,No,strand
,,,,,,,,,,,30,,,No,strand
,,,,,,,,,,,31,,,No,turn
,,,,,,,,,,,32,,,No,strand
,,,,,,,,,,,33,,,No,turn
,,,,,,,,,,,34,,,No,turn
,,,,,,,,,,,35,,,No,coil
,,,,,,,,,,,36,,,No,coil
,,,,,,,,,,,37,,,No,coil
,,,,,,,,,,,38,,,No,coil
,,,,,,,,,,,39,,,No,coil
,,,,,,,,,,,40,,,No,coil
,,,,,,,,,,,41,,,No,coil
,,,,,,,,,,,42,,,No,strand
,,,,,,,,,,,43,,,No,strand
,,,,,,,,,,,44,,,No,strand
,,,,,,,,,,,47,,,No,coil
,,,,,,,,,,,48,,,No,coil
,,,,,,,,,,,49,,,No,turn
,,,,,,,,,,,50,,,No,turn
,,,,,,,,,,,51,,,No,turn
,,,,,,,,,,,52,,,No,turn
,,,,,,,,,,,53,,,No,coil
,,,,,,,,,,,54,,,No,coil
,,,,,,,,,,,55,,,No,coil
,,,,,,,,,,,56,,,No,helix
,,,,,,,,,,,58,,,No,helix
,,,,,,,,,,,59,,,No,helix
,,,,,,,,,,,60,,,No,helix
,,,,,,,,,,,61,,,No,helix
,,,,,,,,,,,62,,,No,turn
,,,,,,,,,,,63,,,No,turn
,,,,,,,,,,,64,,,No,coil
,,,,,,,,,,,65,,,No,coil
,,,,,,,,,,,66,,,No,coil
,,,,,,,,,,,67,,,No,coil
,,,,,,,,,,,68,,,No,coil
,,,,,,,,,,,69,,,No,coil
,,,,,,,,,,,70,,,No,coil
,,,,,,,,,,,71,,,No,coil
,,,,,,,,,,,72,,,No,strand
,,,,,,,,,,,73,,,No,strand
,,,,,,,,,,,74,,,No,strand
,,,,,,,,,,,75,,,No,turn
,,,,,,,,,,,76,,,No,turn
,,,,,,,,,,,77,,,No,turn
,,,,,,,,,,,78,,,No,turn
,,,,,,,,,,,79,,,No,turn
,,,,,,,,,,,80,,,No,strand
,,,,,,,,,,,81,,,No,strand
,,,,,,,,,,,82,,,No,strand
,,,,,,,,,,,83,,,No,strand
,,,,,,,,,,,84,,,No,strand
,,,,,,,,,,,85,,,No,strand
,,,,,,,,,,,86,,,No,turn
,,,,,,,,,,,87,,,No,turn
,,,,,,,,,,,88,,,No,turn
,,,,,,,,,,,89,,,No,coil
,,,,,,,,,,,90,,,No,coil
,,,,,,,,,,,91,,,No,strand
,,,,,,,,,,,92,,,No,strand
,,,,,,,,,,,93,,,No,strand
,,,,,,,,,,,94,,,No,strand
,,,,,,,,,,,95,,,No,coil
,,,,,,,,,,,98,,,No,strand
,,,,,,,,,,,99,,,No,strand
,,,,,,,,,,,101,,,No,strand
,,,,,,,,,,,102,,,No,turn
,,,,,,,,,,,103,,,No,strand
,,,,,,,,,,,104,,,No,turn
,,,,,,,,,,,105,,,No,strand
,,,,,,,,,,,106,,,No,strand
,,,,,,,,,,,107,,,No,strand
,,,,,,,,,,,108,,,No,turn
,,,,,,,,,,,109,,,No,turn
,,,,,,,,,,,110,,,No,coil
,,,,,,,,,,,111,,,No,coil
,,,,,,,,,,,112,,,No,coil
,,,,,,,,,,,113,,,No,turn
,,,,,,,,,,,114,,,No,helix
,,,,,,,,,,,115,,,No,strand
,,,,,,,,,,,116,,,No,strand
,,,,,,,,,,,117,,,No,strand
,,,,,,,,,,,118,,,No,turn
,,,,,,,,,,,119,,,No,turn
,,,,,,,,,,,120,,,No,coil
,,,,,,,,,,,121,,,No,coil
,,,,,,,,,,,122,,,No,coil
,,,,,,,,,,,123,,,No,coil
,,,,,,,,,,,124,,,No,coil
,,,,,,,,,,,125,,,No,turn
,,,,,,,,,,,126,,,No,turn
,,,,,,,,,,,127,,,No,coil
,,,,,,,,,,,128,,,No,coil
,,,,,,,,,,,129,,,No,turn
,,,,,,,,,,,130,,,No,strand
,,,,,,,,,,,131,,,No,strand
,,,,,,,,,,,132,,,No,strand
,,,,,,,,,,,133,,,No,strand
,,,,,,,,,,,134,,,No,strand
,,,,,,,,,,,135,,,No,turn
,,,,,,,,,,,136,,,No,turn
,,,,,,,,,,,137,,,No,turn
,,,,,,,,,,,138,,,No,turn
,,,,,,,,,,,139,,,No,turn
,,,,,,,,,,,140,,,No,coil
,,,,,,,,,,,143,,,No,coil
,,,,,,,,,,,145,,,No,turn
,,,,,,,,,,,146,,,No,turn
,,,,,,,,,,,147,,,No,turn
,,,,,,,,,,,148,,,No,coil
,,,,,,,,,,,149,,,No,coil
,,,,,,,,,,,150,,,No,coil
,,,,,,,,,,,151,,,No,coil
,,,,,,,,,,,152,,,No,turn
,,,,,,,,,,,153,,,No,coil
,,,,,,,,,,,154,,,No,helix
,,,,,,,,,,,155,,,No,helix
,,,,,,,,,,,156,,,No,helix
,,,,,,,,,,,157,,,No,helix
,,,,,,,,,,,158,,,No,helix
,,,,,,,,,,,159,,,No,helix
,,,,,,,,,,,160,,,No,helix
,,,,,,,,,,,161,,,No,helix
,,,,,,,,,,,162,,,No,helix
,,,,,,,,,,,163,,,No,helix
,,,,,,,,,,,164,,,No,helix
,,,,,,,,,,,165,,,No,helix
,,,,,,,,,,,166,,,No,helix
,,,,,,,,,,,167,,,No,strand
,,,,,,,,,,,168,,,No,strand
,,,,,,,,,,,169,,,No,coil
,,,,,,,,,,,170,,,No,turn
,,,,,,,,,,,171,,,No,turn
,,,,,,,,,,,172,,,No,turn
,,,,,,,,,,,173,,,No,turn
,,,,,,,,,,,174,,,No,turn
,,,,,,,,,,,175,,,No,strand
,,,,,,,,,,,176,,,No,strand
,,,,,,,,,,,177,,,No,strand
,,,,,,,,,,,179,,,No,strand
,,,,,,,,,,,180,,,No,turn
,,,,,,,,,,,181,,,No,turn
,,,,,,,,,,,182,,,No,turn
,,,,,,,,,,,183,,,No,turn
,,,,,,,,,,,184,,,No,turn
,,,,,,,,,,,185,,,No,turn
,,,,,,,,,,,186,,,No,turn
,,,,,,,,,,,187,,,No,turn
,,,,,,,,,,,188,,,No,turn
,,,,,,,,,,,189,,,No,coil
,,,,,,,,,,,190,,,No,strand
,,,,,,,,,,,192,,,No,strand
,,,,,,,,,,,193,,,No,strand
,,,,,,,,,,,194,,,No,strand
,,,,,,,,,,,195,,,No,strand
,,,,,,,,,,,196,,,No,helix
,,,,,,,,,,,197,,,No,helix
,,,,,,,,,,,198,,,No,helix
,,,,,,,,,,,199,,,No,helix
,,,,,,,,,,,200,,,No,helix
,,,,,,,,,,,201,,,No,helix
,,,,,,,,,,,202,,,No,helix
,,,,,,,,,,,203,,,No,coil
,,,,,,,,,,,204,,,No,turn
,,,,,,,,,,,206,,,No,turn
,,,,,,,,,,,207,,,No,coil
,,,,,,,,,,,209,,,No,coil
,,,,,,,,,,,210,,,No,turn
,,,,,,,,,,,211,,,No,turn
,,,,,,,,,,,212,,,No,turn
,,,,,,,,,,,214,,,No,strand
,,,,,,,,,,,215,,,No,coil
,,,,,,,,,,,216,,,No,coil
,,,,,,,,,,,217,,,No,coil
,,,,,,,,,,,218,,,No,coil
,,,,,,,,,,,219,,,No,coil
,,,,,,,,,,,220,,,No,coil
,,,,,,,,,,,221,,,No,coil
,,,,,,,,,,,222,,,No,coil
,,,,,,,,,,,224,,,No,helix
,,,,,,,,,,,225,,,No,coil
,,,,,,,,,,,226,,,No,coil
,,,,,,,,,,,229,,,No,helix
,,,,,,,,,,,231,,,No,turn
,,,,,,,,,,,233,,,No,coil
,,,,,,,,,,,234,,,No,turn
,,,,,,,,,,,235,,,No,turn
,,,,,,,,,,,236,,,No,turn
,,,,,,,,,,,237,,,No,turn
,,,,,,,,,,,238,,,No,turn
,,,,,,,,,,,239,,,No,turn
,,,,,,,,,,,240,,,No,coil
,,,,,,,,,,,241,,,No,turn
,,,,,,,,,,,242,,,No,turn
,,,,,,,,,,,243,,,No,turn
,,,,,,,,,,,244,,,No,turn
,,,,,,,,,,,245,,,No,coil
,,,,,,,,,,,246,,,No,coil
,,,,,,,,,,,247,,,No,coil
,,,,,,,,,,,248,,,No,turn
,,,,,,,,,,,249,,,No,coil
,,,,,,,,,,,250,,,No,coil
,,,,,,,,,,,251,,,No,strand
,,,,,,,,,,,252,,,No,strand
,,,,,,,,,,,253,,,No,strand
,,,,,,,,,,,254,,,No,strand
,,,,,,,,,,,255,,,No,strand
,,,,,,,,,,,256,,,No,strand
,,,,,,,,,,,257,,,No,strand
,,,,,,,,,,,258,,,No,strand
,,,,,,,,,,,259,,,No,coil
,,,,,,,,,,,260,,,No,coil
,,,,,,,,,,,261,,,No,turn
,,,,,,,,,,,262,,,No,coil
,,,,,,,,,,,263,,,No,turn
,,,,,,,,,,,264,,,No,coil
,,,,,,,,,,,265,,,No,coil
,,,,,,,,,,,266,,,No,strand
,,,,,,,,,,,267,,,No,strand
,,,,,,,,,,,268,,,No,strand
,,,,,,,,,,,270,,,No,strand
,,,,,,,,,,,271,,,No,strand
,,,,,,,,,,,272,,,No,strand
,,,,,,,,,,,273,,,No,strand
,,,,,,,,,,,274,,,No,strand
,,,,,,,,,,,275,,,No,strand
,,,,,,,,,,,277,,,No,helix
,,,,,,,,,,,278,,,No,helix
,,,,,,,,,,,279,,,No,strand
,,,,,,,,,,,280,,,No,strand
,,,,,,,,,,,281,,,No,strand
,,,,,,,,,,,282,,,No,strand
,,,,,,,,,,,283,,,No,strand
,,,,,,,,,,,284,,,No,coil
,,,,,,,,,,,285,,,No,coil
,,,,,,,,,,,286,,,No,turn
,,,,,,,,,,,287,,,No,turn
,,,,,,,,,,,288,,,No,coil
,,,,,,,,,,,289,,,No,turn
,,,,,,,,,,,290,,,No,strand
,,,,,,,,,,,291,,,No,strand
,,,,,,,,,,,292,,,No,strand
,,,,,,,,,,,293,,,No,strand
,,,,,,,,,,,294,,,No,strand
,,,,,,,,,,,295,,,No,strand
,,,,,,,,,,,296,,,No,strand
,,,,,,,,,,,297,,,No,strand
,,,,,,,,,,,298,,,No,turn
,,,,,,,,,,,299,,,No,turn
,,,,,,,,,,,300,,,No,turn
,,,,,,,,,,,301,,,No,turn
,,,,,,,,,,,302,,,No,turn
,,,,,,,,,,,303,,,No,coil
,,,,,,,,,,,304,,,No,strand
,,,,,,,,,,,305,,,No,strand
,,,,,,,,,,,306,,,No,strand
,,,,,,,,,,,307,,,No,strand
,,,,,,,,,,,308,,,No,strand
,,,,,,,,,,,309,,,No,strand
,,,,,,,,,,,310,,,No,strand
,,,,,,,,,,,311,,,No,strand
,,,,,,,,,,,312,,,No,strand
,,,,,,,,,,,313,,,No,coil
,,,,,,,,,,,314,,,No,coil
,,,,,,,,,,,315,,,No,turn
,,,,,,,,,,,316,,,No,helix
,,,,,,,,,,,317,,,No,helix
,,,,,,,,,,,318,,,No,helix
,,,,,,,,,,,319,,,No,helix
,,,,,,,,,,,320,,,No,helix
,,,,,,,,,,,321,,,No,helix
,,,,,,,,,,,322,,,No,helix
,,,,,,,,,,,323,,,No,helix
,,,,,,,,,,,324,,,No,helix
,,,,,,,,,,,325,,,No,helix
,,,,,,,,,,,327,,,No,strand
,,,,,,,,,,,328,,,No,strand
,,,,,,,,,,,329,,,No,strand
,,,,,,,,,,,330,,,No,strand
,,,,,,,,,,,331,,,No,strand
,,,,,,,,,,,332,,,No,strand
,,,,,,,,,,,333,,,No,strand
,,,,,,,,,,,334,,,No,strand
,,,,,,,,,,,335,,,No,strand
,,,,,,,,,,,336,,,No,strand
,,,,,,,,,,,337,,,No,coil
,,,,,,,,,,,338,,,No,turn
,,,,,,,,,,,339,,,No,coil
,,,,,,,,,,,340,,,No,coil
,,,,,,,,,,,341,,,No,coil
,,,,,,,,,,,342,,,No,strand
,,,,,,,,,,,343,,,No,strand
,,,,,,,,,,,344,,,No,strand
,,,,,,,,,,,345,,,No,strand
,,,,,,,,,,,346,,,No,turn
,,,,,,,,,,,347,,,No,turn
,,,,,,,,,,,348,,,No,turn
,,,,,,,,,,,349,,,No,turn
,,,,,,,,,,,350,,,No,coil
,,,,,,,,,,,351,,,No,turn
,,,,,,,,,,,352,,,No,turn
,,,,,,,,,,,353,,,No,turn
,,,,,,,,,,,354,,,No,coil
,,,,,,,,,,,355,,,No,turn
,,,,,,,,,,,356,,,No,turn
,,,,,,,,,,,357,,,No,coil
,,,,,,,,,,,359,,,No,coil
,,,,,,,,,,,360,,,No,turn
,,,,,,,,,,,361,,,No,turn
,,,,,,,,,,,362,,,No,strand
,,,,,,,,,,,363,,,No,strand
,,,,,,,,,,,364,,,No,strand
,,,,,,,,,,,365,,,No,strand
,,,,,,,,,,,366,,,No,helix
,,,,,,,,,,,367,,,No,coil
,,,,,,,,,,,368,,,No,helix
,,,,,,,,,,,369,,,No,helix
,,,,,,,,,,,370,,,No,helix
,,,,,,,,,,,371,,,No,helix
,,,,,,,,,,,372,,,No,helix
,,,,,,,,,,,373,,,No,helix
,,,,,,,,,,,374,,,No,helix
,,,,,,,,,,,375,,,No,helix
,,,,,,,,,,,376,,,No,helix
,,,,,,,,,,,377,,,No,helix
,,,,,,,,,,,378,,,No,strand
,,,,,,,,,,,379,,,No,strand
,,,,,,,,,,,380,,,No,strand
,,,,,,,,,,,381,,,No,strand
,,,,,,,,,,,382,,,No,strand
,,,,,,,,,,,383,,,No,strand
,,,,,,,,,,,384,,,No,turn
,,,,,,,,,,,385,,,No,coil
,,,,,,,,,,,387,,,No,coil
,,,,,,,,,,,388,,,No,coil
,,,,,,,,,,,389,,,No,coil
,,,,,,,,,,,390,,,No,turn
,,,,,,,,,,,391,,,No,coil
,,,,,,,,,,,392,,,No,coil
,,,,,,,,,,,393,,,No,coil
,,,,,,,,,,,394,,,No,coil
,,,,,,,,,,,395,,,No,strand
,,,,,,,,,,,396,,,No,strand
,,,,,,,,,,,397,,,No,strand
,,,,,,,,,,,398,,,No,strand
,,,,,,,,,,,399,,,No,strand
,,,,,,,,,,,400,,,No,strand
,,,,,,,,,,,401,,,No,strand
,,,,,,,,,,,402,,,No,coil
,,,,,,,,,,,404,,,No,coil
,,,,,,,,,,,405,,,No,coil
,,,,,,,,,,,406,,,No,helix
,,,,,,,,,,,407,,,No,helix
,,,,,,,,,,,408,,,No,helix
,,,,,,,,,,,409,,,No,helix
,,,,,,,,,,,410,,,No,helix
,,,,,,,,,,,411,,,No,helix
,,,,,,,,,,,412,,,No,helix
,,,,,,,,,,,413,,,No,helix
,,,,,,,,,,,414,,,No,helix
,,,,,,,,,,,415,,,No,helix
,,,,,,,,,,,416,,,No,helix
,,,,,,,,,,,417,,,No,helix
,,,,,,,,,,,418,,,No,helix
,,,,,,,,,,,419,,,No,helix
,,,,,,,,,,,421,,,No,coil
,,,,,,,,,,,422,,,No,coil
,,,,,,,,,,,423,,,No,coil
,,,,,,,,,,,424,,,No,helix
,,,,,,,,,,,425,,,No,helix
,,,,,,,,,,,426,,,No,strand
,,,,,,,,,,,427,,,No,strand
,,,,,,,,,,,428,,,No,strand
,,,,,,,,,,,429,,,No,strand
,,,,,,,,,,,430,,,No,strand
,,,,,,,,,,,431,,,No,helix
,,,,,,,,,,,432,,,No,strand
,,,,,,,,,,,434,,,No,strand
,,,,,,,,,,,435,,,No,strand
,,,,,,,,,,,436,,,No,turn
,,,,,,,,,,,437,,,No,turn
,,,,,,,,,,,438,,,No,turn
,,,,,,,,,,,439,,,No,coil
,,,,,,,,,,,440,,,No,coil
,,,,,,,,,,,441,,,No,coil
,,,,,,,,,,,442,,,No,coil
,,,,,,,,,,,443,,,No,turn
,,,,,,,,,,,444,,,No,turn
,,,,,,,,,,,445,,,No,turn
,,,,,,,,,,,446,,,No,strand
,,,,,,,,,,,447,,,No,strand
,,,,,,,,,,,448,,,No,turn
,,,,,,,,,,,449,,,No,turn
,,,,,,,,,,,450,,,No,turn
,,,,,,,,,,,451,,,No,coil
,,,,,,,,,,,452,,,No,coil
,,,,,,,,,,,453,,,No,coil
,,,,,,,,,,,454,,,No,helix
,,,,,,,,,,,455,,,No,helix
,,,,,,,,,,,456,,,No,strand
,,,,,,,,,,,457,,,No,strand
,,,,,,,,,,,458,,,No,strand
,,,,,,,,,,,459,,,No,strand
,,,,,,,,,,,460,,,No,strand
,,,,,,,,,,,461,,,No,strand
,,,,,,,,,,,462,,,No,strand
,,,,,,,,,,,463,,,No,coil
,,,,,,,,,,,464,,,No,coil
,,,,,,,,,,,465,,,No,turn
,,,,,,,,,,,466,,,No,turn
,,,,,,,,,,,467,,,No,turn
,,,,,,,,,,,469,,,No,coil
,,,,,,,,,,,470,,,No,coil
,,,,,,,,,,,471,,,No,coil
,,,,,,,,,,,472,,,No,coil
,,,,,,,,,,,473,,,No,helix
,,,,,,,,,,,474,,,No,helix
,,,,,,,,,,,475,,,No,helix
,,,,,,,,,,,476,,,No,helix
,,,,,,,,,,,477,,,No,helix
,,,,,,,,,,,478,,,No,helix
,,,,,,,,,,,479,,,No,helix
,,,,,,,,,,,480,,,No,helix
,,,,,,,,,,,481,,,No,strand
,,,,,,,,,,,482,,,No,strand
,,,,,,,,,,,483,,,No,strand
,,,,,,,,,,,484,,,No,strand
,,,,,,,,,,,485,,,No,strand
,,,,,,,,,,,486,,,No,strand
,,,,,,,,,,,487,,,No,coil
,,,,,,,,,,,488,,,No,coil
,,,,,,,,,,,489,,,No,coil
,,,,,,,,,,,490,,,No,coil
,,,,,,,,,,,491,,,No,strand
,,,,,,,,,,,492,,,No,strand
,,,,,,,,,,,493,,,No,strand
,,,,,,,,,,,494,,,No,strand
,,,,,,,,,,,495,,,No,strand
,,,,,,,,,,,496,,,No,strand
,,,,,,,,,,,497,,,No,strand
,,,,,,,,,,,498,,,No,strand
,,,,,,,,,,,499,,,No,strand
,,,,,,,,,,,500,,,No,coil
,,,,,,,,,,,502,,,No,coil
,,,,,,,,,,,503,,,No,turn
,,,,,,,,,,,504,,,No,turn
,,,,,,,,,,,505,,,No,turn
,,,,,,,,,,,506,,,No,turn
,,,,,,,,,,,507,,,No,strand
,,,,,,,,,,,509,,,No,turn
,,,,,,,,,,,510,,,No,turn
,,,,,,,,,,,512,,,No,turn
,,,,,,,,,,,513,,,No,turn
,,,,,,,,,,,515,,,No,turn
,,,,,,,,,,,516,,,No,turn
,,,,,,,,,,,517,,,No,turn
,,,,,,,,,,,518,,,No,strand
,,,,,,,,,,,519,,,No,strand
,,,,,,,,,,,520,,,No,strand
,,,,,,,,,,,521,,,No,turn
,,,,,,,,,,,522,,,No,turn
,,,,,,,,,,,523,,,No,turn
,,,,,,,,,,,524,,,No,turn
,,,,,,,,,,,525,,,No,turn
,,,,,,,,,,,526,,,No,turn
,,,,,,,,,,,527,,,No,strand
,,,,,,,,,,,528,,,No,coil
,,,,,,,,,,,529,,,No,coil
,,,,,,,,,,,530,,,No,turn
,,,,,,,,,,,531,,,No,coil
,,,,,,,,,,,532,,,No,coil
,,,,,,,,,,,533,,,No,coil
,,,,,,,,,,,534,,,No,coil
,,,,,,,,,,,535,,,No,helix
,,,,,,,,,,,536,,,No,helix
,,,,,,,,,,,537,,,No,helix
,,,,,,,,,,,538,,,No,strand
,,,,,,,,,,,539,,,No,helix
,,,,,,,,,,,540,,,No,helix
,,,,,,,,,,,541,,,No,helix
,,,,,,,,,,,542,,,No,helix
,,,,,,,,,,,543,,,No,turn
,,,,,,,,,,,544,,,No,turn
,,,,,,,,,,,545,,,No,turn
,,,,,,,,,,,546,,,No,turn
,,,,,,,,,,,547,,,No,turn
,,,,,,,,,,,548,,,No,helix
,,,,,,,,,,,549,,,No,strand
,,,,,,,,,,,550,,,No,strand
,,,,,,,,,,,551,,,No,helix
,,,,,,,,,,,552,,,No,helix
,,,,,,,,,,,553,,,No,helix
,,,,,,,,,,,554,,,No,helix
,,,,,,,,,,,555,,,No,helix
,,,,,,,,,,,556,,,No,helix
,,,,,,,,,,,557,,,No,helix
,,,,,,,,,,,558,,,No,helix
,,,,,,,,,,,559,,,No,turn
,,,,,,,,,,,560,,,No,turn
,,,,,,,,,,,561,,,No,turn
,,,,,,,,,,,562,,,No,coil
,,,,,,,,,,,563,,,No,coil
,,,,,,,,,,,564,,,No,turn
,,,,,,,,,,,565,,,No,coil
,,,,,,,,,,,567,,,No,coil
,,,,,,,,,,,568,,,No,coil
,,,,,,,,,,,569,,,No,coil
,,,,,,,,,,,570,,,No,coil
,,,,,,,,,,,571,,,No,strand
,,,,,,,,,,,572,,,No,strand
,,,,,,,,,,,573,,,No,strand
,,,,,,,,,,,574,,,No,strand
,,,,,,,,,,,575,,,No,helix
,,,,,,,,,,,576,,,No,helix
,,,,,,,,,,,577,,,No,helix
,,,,,,,,,,,578,,,No,helix
,,,,,,,,,,,579,,,No,helix
,,,,,,,,,,,580,,,No,helix
,,,,,,,,,,,581,,,No,helix
,,,,,,,,,,,582,,,No,strand
,,,,,,,,,,,583,,,No,strand
,,,,,,,,,,,584,,,No,strand
,,,,,,,,,,,585,,,No,strand
,,,,,,,,,,,586,,,No,turn
,,,,,,,,,,,587,,,No,turn
,,,,,,,,,,,588,,,No,turn
,,,,,,,,,,,589,,,No,turn
,,,,,,,,,,,590,,,No,coil
,,,,,,,,,,,591,,,No,coil
,,,,,,,,,,,593,,,No,turn
,,,,,,,,,,,594,,,No,coil
,,,,,,,,,,,595,,,No,coil
,,,,,,,,,,,596,,,No,coil
,,,,,,,,,,,597,,,No,coil
,,,,,,,,,,,598,,,No,coil
,,,,,,,,,,,599,,,No,strand
,,,,,,,,,,,600,,,No,helix
,,,,,,,,,,,601,,,No,helix
,,,,,,,,,,,602,,,No,helix
,,,,,,,,,,,603,,,No,helix
,,,,,,,,,,,604,,,No,helix
,,,,,,,,,,,605,,,No,helix
,,,,,,,,,,,606,,,No,helix
,,,,,,,,,,,607,,,No,helix
,,,,,,,,,,,608,,,No,turn
,,,,,,,,,,,609,,,No,coil
,,,,,,,,,,,610,,,No,coil
,,,,,,,,,,,611,,,No,coil
,,,,,,,,,,,612,,,No,coil
,,,,,,,,,,,613,,,No,coil
,,,,,,,,,,,614,,,No,coil
,,,,,,,,,,,615,,,No,coil
,,,,,,,,,,,616,,,No,coil
,,,,,,,,,,,617,,,No,strand
,,,,,,,,,,,618,,,No,coil
,,,,,,,,,,,619,,,No,strand
,,,,,,,,,,,620,,,No,strand
,,,,,,,,,,,621,,,No,turn
,,,,,,,,,,,622,,,No,turn
,,,,,,,,,,,623,,,No,turn
,,,,,,,,,,,624,,,No,turn
,,,,,,,,,,,625,,,No,coil
,,,,,,,,,,,626,,,No,coil
,,,,,,,,,,,627,,,No,coil
,,,,,,,,,,,629,,,No,coil
,,,,,,,,,,,630,,,No,coil
,,,,,,,,,,,632,,,No,helix
,,,,,,,,,,,633,,,No,helix
,,,,,,,,,,,634,,,No,helix
,,,,,,,,,,,635,,,No,helix
,,,,,,,,,,,636,,,No,helix
,,,,,,,,,,,637,,,No,helix
,,,,,,,,,,,638,,,No,helix
,,,,,,,,,,,639,,,No,turn
,,,,,,,,,,,640,,,No,turn
,,,,,,,,,,,641,,,No,turn
,,,,,,,,,,,642,,,No,turn
,,,,,,,,,,,643,,,No,turn
,,,,,,,,,,,644,,,No,strand
,,,,,,,,,,,645,,,No,strand
,,,,,,,,,,,646,,,No,strand
,,,,,,,,,,,647,,,No,strand
,,,,,,,,,,,648,,,No,strand
,,,,,,,,,,,649,,,No,strand
,,,,,,,,,,,650,,,No,strand
,,,,,,,,,,,651,,,No,strand
,,,,,,,,,,,652,,,No,strand
,,,,,,,,,,,653,,,No,strand
,,,,,,,,,,,654,,,No,turn
,,,,,,,,,,,655,,,No,turn
,,,,,,,,,,,657,,,No,turn
,,,,,,,,,,,658,,,No,turn
,,,,,,,,,,,659,,,No,turn
,,,,,,,,,,,660,,,No,turn
,,,,,,,,,,,661,,,No,turn
,,,,,,,,,,,662,,,No,turn
,,,,,,,,,,,663,,,No,turn
,,,,,,,,,,,664,,,No,coil
,,,,,,,,,,,665,,,No,coil
,,,,,,,,,,,666,,,No,coil
,,,,,,,,,,,667,,,No,coil
,,,,,,,,,,,668,,,No,helix
,,,,,,,,,,,669,,,No,helix
,,,,,,,,,,,670,,,No,helix
,,,,,,,,,,,671,,,No,helix
,,,,,,,,,,,672,,,No,helix
,,,,,,,,,,,673,,,No,helix
,,,,,,,,,,,674,,,No,helix
,,,,,,,,,,,675,,,No,helix
,,,,,,,,,,,676,,,No,helix
,,,,,,,,,,,677,,,No,helix
,,,,,,,,,,,678,,,No,helix
,,,,,,,,,,,679,,,No,helix
,,,,,,,,,,,680,,,No,helix
,,,,,,,,,,,681,,,No,helix
,,,,,,,,,,,682,,,No,helix
,,,,,,,,,,,683,,,No,helix
,,,,,,,,,,,684,,,No,helix
,,,,,,,,,,,685,,,No,helix
,,,,,,,,,,,686,,,No,helix
,,,,,,,,,,,687,,,No,coil
,,,,,,,,,,,688,,,No,helix
,,,,,,,,,,,689,,,No,strand
,,,,,,,,,,,690,,,No,turn
,,,,,,,,,,,691,,,No,helix
,,,,,,,,,,,692,,,No,strand
,,,,,,,,,,,693,,,No,helix
,,,,,,,,,,,694,,,No,helix
,,,,,,,,,,,695,,,No,helix
,,,,,,,,,,,696,,,No,helix
,,,,,,,,,,,697,,,No,helix
,,,,,,,,,,,698,,,No,helix
,,,,,,,,,,,699,,,No,helix
,,,,,,,,,,,700,,,No,helix
,,,,,,,,,,,702,,,No,helix
,,,,,,,,,,,703,,,No,coil
,,,,,,,,,,,704,,,No,strand
,,,,,,,,,,,705,,,No,strand
,,,,,,,,,,,706,,,No,strand
,,,,,,,,,,,708,,,No,strand
,,,,,,,,,,,709,,,No,strand
,,,,,,,,,,,710,,,No,strand
,,,,,,,,,,,711,,,No,strand
,,,,,,,,,,,712,,,No,strand
,,,,,,,,,,,713,,,No,coil
,,,,,,,,,,,715,,,No,coil
,,,,,,,,,,,716,,,No,coil
,,,,,,,,,,,717,,,No,coil
,,,,,,,,,,,719,,,No,strand
,,,,,,,,,,,720,,,No,strand
,,,,,,,,,,,721,,,No,strand
,,,,,,,,,,,722,,,No,strand
,,,,,,,,,,,723,,,No,turn
,,,,,,,,,,,724,,,No,turn
,,,,,,,,,,,725,,,No,turn
,,,,,,,,,,,726,,,No,turn
,,,,,,,,,,,727,,,No,turn
,,,,,,,,,,,728,,,No,coil
,,,,,,,,,,,729,,,No,coil
,,,,,,,,,,,730,,,No,coil
,,,,,,,,,,,731,,,No,coil
,,,,,,,,,,,732,,,No,coil
,,,,,,,,,,,733,,,No,coil
,,,,,,,,,,,734,,,No,coil
,,,,,,,,,,,735,,,No,strand
,,,,,,,,,,,736,,,No,strand
,,,,,,,,,,,737,,,No,strand
,,,,,,,,,,,738,,,No,turn
,,,,,,,,,,,739,,,No,turn
,,,,,,,,,,,740,,,No,coil
,,,,,,,,,,,741,,,No,coil
,,,,,,,,,,,742,,,No,coil
,,,,,,,,,,,743,,,No,coil
,,,,,,,,,,,744,,,No,turn
,,,,,,,,,,,745,,,No,turn
,,,,,,,,,,,746,,,No,turn
,,,,,,,,,,,747,,,No,coil
,,,,,,,,,,,748,,,No,coil
,,,,,,,,,,,749,,,No,coil
,,,,,,,,,,,750,,,No,turn
,,,,,,,,,,,751,,,No,coil
,,,,,,,,,,,752,,,No,helix
,,,,,,,,,,,754,,,No,helix
,,,,,,,,,,,755,,,No,helix
,,,,,,,,,,,756,,,No,strand
,,,,,,,,,,,757,,,No,strand
,,,,,,,,,,,759,,,No,strand
,,,,,,,,,,,760,,,No,strand
,,,,,,,,,,,761,,,No,strand
,,,,,,,,,,,762,,,No,turn
,,,,,,,,,,,763,,,No,turn
,,,,,,,,,,,764,,,No,turn
,,,,,,,,,,,765,,,No,turn
,,,,,,,,,,,766,,,No,turn
,,,,,,,,,,,767,,,No,turn
,,,,,,,,,,,770,,,No,strand
,,,,,,,,,,,771,,,No,turn
,,,,,,,,,,,772,,,No,turn
,,,,,,,,,,,773,,,No,strand
,,,,,,,,,,,774,,,No,strand
,,,,,,,,,,,775,,,No,strand
,,,,,,,,,,,776,,,No,strand
,,,,,,,,,,,777,,,No,strand
,,,,,,,,,,,778,,,No,strand
,,,,,,,,,,,779,,,No,strand
,,,,,,,,,,,781,,,No,turn
,,,,,,,,,,,782,,,No,turn
,,,,,,,,,,,785,,,No,strand
,,,,,,,,,,,786,,,No,strand
,,,,,,,,,,,787,,,No,strand
,,,,,,,,,,,788,,,No,strand
,,,,,,,,,,,789,,,No,strand
,,,,,,,,,,,790,,,No,helix
,,,,,,,,,,,791,,,No,helix
,,,,,,,,,,,793,,,No,helix
,,,,,,,,,,,794,,,No,helix
,,,,,,,,,,,795,,,No,helix
,,,,,,,,,,,796,,,No,helix
,,,,,,,,,,,797,,,No,helix
,,,,,,,,,,,799,,,No,helix
,,,,,,,,,,,800,,,No,strand
,,,,,,,,,,,801,,,No,helix
,,,,,,,,,,,802,,,No,helix
,,,,,,,,,,,803,,,No,helix
,,,,,,,,,,,804,,,No,helix
,,,,,,,,,,,805,,,No,helix
,,,,,,,,,,,806,,,No,helix
,,,,,,,,,,,807,,,No,helix
,,,,,,,,,,,808,,,No,turn
,,,,,,,,,,,809,,,No,turn
,,,,,,,,,,,811,,,No,turn
,,,,,,,,,,,812,,,No,turn
,,,,,,,,,,,813,,,No,turn
,,,,,,,,,,,814,,,No,coil
,,,,,,,,,,,815,,,No,turn
,,,,,,,,,,,816,,,No,coil
,,,,,,,,,,,817,,,No,coil
,,,,,,,,,,,818,,,No,turn
,,,,,,,,,,,819,,,No,turn
,,,,,,,,,,,820,,,No,turn
,,,,,,,,,,,821,,,No,strand
,,,,,,,,,,,822,,,No,strand
,,,,,,,,,,,823,,,No,strand
,,,,,,,,,,,824,,,No,strand
,,,,,,,,,,,828,,,No,coil
,,,,,,,,,,,829,,,No,turn
,,,,,,,,,,,830,,,No,turn
,,,,,,,,,,,831,,,No,turn
,,,,,,,,,,,832,,,No,coil
,,,,,,,,,,,833,,,No,coil
,,,,,,,,,,,835,,,No,strand
,,,,,,,,,,,836,,,No,helix
,,,,,,,,,,,837,,,No,helix
,,,,,,,,,,,838,,,No,helix
,,,,,,,,,,,839,,,No,helix
,,,,,,,,,,,840,,,No,helix
,,,,,,,,,,,841,,,No,strand
,,,,,,,,,,,842,,,No,strand
,,,,,,,,,,,843,,,No,strand
,,,,,,,,,,,844,,,No,strand
,,,,,,,,,,,845,,,No,turn
,,,,,,,,,,,846,,,No,turn
,,,,,,,,,,,847,,,No,turn
,,,,,,,,,,,848,,,No,coil
,,,,,,,,,,,849,,,No,coil
,,,,,,,,,,,850,,,No,strand
,,,,,,,,,,,851,,,No,strand
,,,,,,,,,,,852,,,No,strand
