"x","y","sub","red","rid","uc","sst","r","phi","psi","sasa","num_int","identity","ass_ene","solv_ene","bsa","cat","subunit"
295,179,"A","LEU","71",NA,"AlphaHelix","125","64","23","0.9",NA,"-","0.00","0.00","0.00","core","A"
294,163,"A","ILE","77",NA,"Strand","136","68","27","1.2",NA,":","0.00","0.00","0.00","core","A"
290,155,"A","SER","80",NA,"Strand","143","72","29","4.8",NA,"-","0.00","0.00","0.00","core","A"
287,150,"A","LEU","82",NA,"Strand","147","74","30","3.4",NA,"-","0.00","0.00","0.00","core","A"
284,146,"A","ILE","84",NA,"Turn","153","76","31","3.9",NA,"-","0.00","0.00","0.00","core","A"
286,140,"A","TYR","88",NA,"AlphaHelix","152","76","33","7.1",NA,"-","0.00","0.00","0.00","core","A"
290,141,"A","SER","92",NA,"AlphaHelix","148","74","33","0",NA,"-","0.00","0.00","0.00","core","A"
306,165,"A","ASN","99",NA,"Coil","137","62","28","10.8",NA,"-","0.00","0.00","0.00","core","A"
307,173,"A","GLN","101",NA,"Coil","137","59","26","10.5",NA,"-","-0.02","0.02","1.69","core","A"
302,179,"A","PHE","110",NA,"AlphaHelix","129","60","24","3.4",NA,"-","0.00","0.00","0.00","core","A"
308,183,"A","GLU","111",NA,"AlphaHelix","133","55","24","5",NA,"-","0.00","0.00","0.00","core","A"
311,176,"A","ALA","116",NA,"Strand","124","56","26","0",NA,"-","0.00","0.00","0.00","core","A"
304,168,"A","PHE","118",NA,"Strand","124","62","27","3",NA,"-","0.00","0.00","0.00","core","A"
297,161,"A","SER","120",NA,"Strand","125","67","28","5.8",NA,"-","0.00","0.00","0.00","core","A"
292,155,"A","ILE","122",NA,"Strand","129","71","29","10.5",NA,"-","0.00","0.00","0.00","core","A"
284,153,"A","MET","124",NA,"Strand","134","75","29","0.3",NA,"-","0.00","0.00","0.00","core","A"
277,151,"A","PRO","126",NA,"Strand","139","79","29","0",NA,"-","-0.08","0.07","7.76","core","A"
275,141,"A","ILE","138",NA,"Turn","143","81","32","0.2",NA,"-","0.00","0.00","0.00","core","A"
283,142,"A","MET","140",NA,"Strand","140","77","32","0",NA,"-","0.00","0.00","0.00","core","A"
291,138,"A","GLN","141",NA,"Strand","138","74","34","0",NA,"-","0.00","0.00","0.00","core","A"
288,147,"A","TYR","142",NA,"Strand","137","74","31","1.3",NA,"-","0.00","0.00","0.00","core","A"
299,140,"A","MET","143",NA,"Strand","136","70","34","0",NA,"-","0.00","0.00","0.00","core","A"
306,147,"A","VAL","145",NA,"Strand","136","66","33","0.2",NA,"-","0.00","0.00","0.00","core","A"
304,139,"A","PRO","152",NA,"Coil","143","68","35","2.5",NA,"-","0.00","0.00","0.00","core","A"
292,135,"A","ARG","155",NA,"Turn","147","74","35","8.5",NA,"-","-0.03","0.03","2.86","core","A"
303,135,"A","ALA","159",NA,"310Helix","140","69","36","0.5",NA,"-","-0.30","-0.19","13.07","core","A"
298,137,"A","TRP","160",NA,"310Helix","141","71","35","3.2",NA,"-","-0.03","0.02","2.68","core","A"
312,168,"A","TYR","190",NA,"Strand","126","58","28","15",NA,"-","0.00","0.00","0.00","core","A"
314,178,"A","MET","192",NA,"Turn","130","54","26","13.9",NA,"-","0.00","0.00","0.21","core","A"
309,155,"A","GLY","215",NA,"Strand","135","63","31","1.2",NA,"*","0.00","0.00","0.00","core","A"
306,150,"A","THR","216",NA,"Strand","138","65","32","6.2",NA,"-","0.00","0.00","0.00","core","A"
299,151,"A","LEU","217",NA,"Strand","137","68","31","5.2",NA,"-","0.00","0.00","0.00","core","A"
299,147,"A","CYS","218",NA,"Strand","139","69","32","0",NA,"-","0.00","0.00","0.00","core","A"
293,145,"A","SER","219",NA,"Strand","141","72","32","0.5",NA,"-","0.00","0.00","0.00","core","A"
286,140,"A","ILE","221",NA,"Strand","145","76","33","0",NA,"-","0.00","0.00","0.00","core","A"
276,144,"A","VAL","230",NA,"Strand","150","80","31","1.8",NA,"-","0.00","0.00","0.00","core","A"
281,149,"A","VAL","232",NA,"Strand","145","77","30","0",NA,"-","0.00","0.00","0.00","core","A"
284,153,"A","THR","234",NA,"Strand","140","75","29","0",NA,"-","0.00","0.00","0.00","core","A"
289,158,"A","ILE","236",NA,"Strand","136","72","28","2.3",NA,"-","0.00","0.00","0.00","core","A"
293,167,"A","HIS","238",NA,"Strand","129","68","26","4.8",NA,"-","0.00","0.00","0.00","core","A"
295,167,"A","ALA","240",NA,"Strand","124","67","26","0.1",NA,"-","0.00","0.00","0.00","core","A"
301,174,"A","THR","243",NA,"Strand","120","62","25","13",NA,"-","0.00","0.00","0.11","core","A"
297,206,"B","CYS","47",NA,"AlphaHelix","123","51","17","0",NA,"-","0.00","0.00","0.05","core","B"
304,217,"B","ILE","53",NA,"Coil","135","40","16","0.2",NA,"-","0.00","0.00","0.00","core","B"
311,238,"B","LEU","72",NA,"Strand","142","18","15","0.4",NA,"-","0.00","0.00","0.00","core","B"
285,220,"B","VAL","87",NA,"Coil","132","52","12","0.1",NA,"-","0.00","0.00","0.00","core","B"
280,217,"B","ASP","88",NA,"Turn","134","59","12","3.4",NA,"-","0.00","0.00","0.00","core","B"
286,211,"B","ILE","89",NA,"Turn","131","57","14","0",NA,"-","0.00","0.00","0.00","core","B"
285,207,"B","ALA","90",NA,"Turn","134","60","15","7.6",NA,"-","0.00","0.00","0.00","core","B"
286,211,"B","SER","91",NA,"Turn","137","57","14","6.2",NA,"-","0.00","0.00","0.00","core","B"
293,212,"B","LEU","94",NA,"Turn","134","50","15","0",NA,"-","0.00","0.00","0.00","core","B"
292,207,"B","ALA","95",NA,"Turn","136","54","16","0",NA,"-","0.00","0.00","0.00","core","B"
299,207,"B","THR","97",NA,"Turn","133","49","17","0.4",NA,"-","-0.08","-0.06","3.09","core","B"
294,208,"B","ILE","99",NA,"AlphaHelix","128","52","16","0",NA,"-","0.00","0.00","0.00","core","B"
294,203,"B","GLY","100",NA,"AlphaHelix","131","55","17","0",NA,"-","0.00","0.00","0.00","core","B"
287,199,"B","ALA","103",NA,"AlphaHelix","129","62","17","0",NA,"-","0.00","0.00","0.00","core","B"
286,199,"B","SER","104",NA,"AlphaHelix","132","63","17","0.1",NA,"-","0.00","0.00","0.00","core","B"
277,211,"B","TRP","109",NA,"Strand","127","65","13","1.2",NA,"-","0.00","0.00","0.00","core","B"
280,217,"B","GLY","111",NA,"Coil","122","59","12","2.2",NA,"-","0.00","0.00","0.00","core","B"
290,219,"B","LEU","113",NA,"Strand","126","48","13","0",NA,"-","0.00","0.00","0.00","core","B"
295,225,"B","PHE","115",NA,"Strand","129","39","13","0.2",NA,"-","0.00","0.00","0.00","core","B"
306,227,"B","SER","116",NA,"Strand","128","31","15","0.3",NA,"-","-0.05","0.00","3.40","core","B"
304,232,"B","PHE","117",NA,"Strand","131","27","14","0.8",NA,"-","0.00","0.00","0.00","core","B"
321,248,"B","THR","125",NA,"Turn","138","7","17","1",NA,"-","-0.02","0.02","1.72","core","B"
310,249,"B","LEU","127",NA,"Strand","136","8","14","0",NA,"-","-0.03","-0.02","1.12","core","B"
301,245,"B","VAL","129",NA,"Strand","135","14","12","0",NA,"-","0.00","0.00","0.00","core","B"
295,239,"B","LEU","131",NA,"Strand","132","24","11","0",NA,"-","0.00","0.00","0.00","core","B"
286,239,"B","ALA","132",NA,"Strand","132","30","9","0",NA,"-","0.00","0.00","0.00","core","B"
281,232,"B","TYR","133",NA,"Strand","130","45","9","0.1",NA,"-","0.00","0.00","0.00","core","B"
281,238,"B","PRO","141",NA,"Coil","139","37","8","0.3",NA,"-","-0.01","-0.01","0.39","core","B"
281,244,"B","ALA","147",NA,"AlphaHelix","135","26","7","0",NA,"-","0.00","0.00","0.00","core","B"
296,232,"B","LEU","165",NA,"Strand","127","31","12","0",NA,"-","-0.01","-0.01","0.60","core","B"
286,226,"B","VAL","167",NA,"Strand","126","45","11","2.5",NA,"-","0.00","0.00","0.00","core","B"
271,213,"B","ARG","176",NA,"Strand","128","71","12","3.1",NA,"-","-0.08","-0.04","3.57","core","B"
278,203,"B","THR","178",NA,"Turn","131","68","15","0",NA,"-","0.00","0.00","0.00","core","B"
268,212,"B","SER","184",NA,"310Helix","132","75","12","2.6",NA,"-","-0.01","-0.01","0.54","core","B"
274,222,"B","ALA","186",NA,"Coil","131","62","10","0.2",NA,"-","0.00","0.00","0.00","core","B"
278,224,"B","GLY","187",NA,"Coil","134","56","10","2.1",NA,"-","0.00","0.00","0.00","core","B"
289,229,"B","ILE","189",NA,"Strand","134","40","11","0.1",NA,"-","0.00","0.00","0.00","core","B"
289,236,"B","THR","190",NA,"Strand","136","32","10","0",NA,"-","0.00","0.00","0.00","core","B"
295,238,"B","CYS","191",NA,"Strand","137","25","11","0",NA,"-","0.00","0.00","0.00","core","B"
292,242,"B","TRP","192",NA,"Strand","139","21","10","4",NA,"-","0.00","0.00","0.00","core","B"
302,246,"B","TYR","193",NA,"Strand","141","12","12","4.8",NA,"-","0.00","0.00","0.00","core","B"
314,248,"B","PHE","197",NA,"Strand","142","8","15","0",NA,"-","0.00","0.00","0.20","core","B"
309,232,"B","MET","209",NA,"Strand","137","25","15","0",NA,"-","0.00","0.00","0.00","core","B"
305,225,"B","CYS","211",NA,"Strand","134","33","15","0",NA,"-","0.00","0.00","0.00","core","B"
299,218,"B","VAL","213",NA,"Strand","129","42","15","0",NA,"-","0.00","0.00","0.00","core","B"
296,214,"B","GLY","215",NA,"Strand","122","47","15","0",NA,"-","0.00","0.00","0.00","core","B"
288,208,"B","PHE","219",NA,"Turn","122","57","15","0",NA,"-","-0.04","0.04","3.91","core","B"
340,231,"C","VAL","28",NA,"Turn","124","17","23","3.5",NA,"-","0.00","0.00","0.11","core","C"
330,203,"C","GLY","34",NA,"310Helix","120","36","24","0.1",NA,"-","0.00","0.00","0.00","core","C"
344,198,"C","PRO","39",NA,"Coil","117","34","28","5.5",NA,"-","0.00","0.00","0.00","core","C"
362,196,"C","SER","60",NA,"Turn","125","30","33","0",NA,"-","0.00","0.00","0.00","core","C"
360,199,"C","ASN","61",NA,"Turn","122","29","32","9.3",NA,"-","-0.11","-0.07","4.46","core","C"
356,213,"C","PHE","63",NA,"Coil","127","24","29","0",NA,"-","-0.23","0.08","17.40","core","C"
350,209,"C","LEU","66",NA,"Coil","136","27","28","0.4",NA,"-","-0.04","0.03","3.12","core","C"
334,224,"C","TRP","71",NA,"Strand","142","23","22","2",NA,"-","0.00","0.00","0.00","core","C"
331,210,"C","GLY","77",NA,"Strand","142","32","23","0.8",NA,"-","0.00","0.00","0.00","core","C"
335,211,"C","TRP","78",NA,"Strand","141","30","24","0.8",NA,"-","0.00","0.00","0.00","core","C"
336,199,"C","TRP","79",NA,"Strand","140","36","26","0",NA,"-","0.00","0.00","0.00","core","C"
340,205,"C","TRP","80",NA,"Strand","137","32","26","0",NA,"-","0.00","0.00","0.00","core","C"
341,195,"C","LEU","82",NA,"Strand","131","36","28","0",NA,"-","0.00","0.00","0.00","core","C"
346,190,"C","PRO","83",NA,"Turn","131","37","30","0",NA,"-","0.00","0.00","0.00","core","C"
347,191,"C","ASP","84",NA,"310Helix","136","36","30","0.2",NA,"-","0.00","0.00","0.00","core","C"
347,198,"C","ALA","85",NA,"310Helix","135","33","29","0",NA,"-","0.00","0.00","0.00","core","C"
351,198,"C","LEU","86",NA,"310Helix","132","32","30","0",NA,"-","0.00","0.00","0.00","core","C"
356,193,"C","PHE","92",NA,"AlphaHelix","129","33","32","0",NA,"-","0.00","0.00","0.00","core","C"
359,191,"C","GLY","93",NA,"AlphaHelix","132","33","33","0.7",NA,"-","0.00","0.00","0.00","core","C"
354,184,"C","MET","96",NA,"AlphaHelix","132","37","33","1.1",NA,"-","0.00","0.00","0.00","core","C"
356,182,"C","PHE","97",NA,"AlphaHelix","135","37","34","15.1",NA,"-","0.00","0.00","0.00","core","C"
347,181,"C","GLY","102",NA,"Strand","125","40","32","0.1",NA,"-","0.00","0.00","0.00","core","C"
345,183,"C","ARG","103",NA,"Strand","121","40","31","13.3",NA,"-","0.00","0.00","0.00","core","C"
347,191,"C","SER","104",NA,"Strand","123","36","30","0.6",NA,"-","0.00","0.00","0.00","core","C"
346,196,"C","GLY","105",NA,"Strand","123","34","29","0.2",NA,"-","0.00","0.00","0.00","core","C"
344,198,"C","TYR","106",NA,"Strand","125","34","28","0",NA,"-","0.00","0.00","0.00","core","C"
346,209,"C","THR","107",NA,"Strand","124","28","27","0",NA,"-","0.00","0.00","0.00","core","C"
342,209,"C","VAL","108",NA,"Strand","127","29","26","0",NA,"-","0.00","0.00","0.00","core","C"
347,218,"C","HIS","109",NA,"Strand","128","23","26","0",NA,"-","0.00","0.00","0.00","core","C"
343,218,"C","VAL","110",NA,"Strand","131","24","25","0",NA,"-","0.00","0.00","0.00","core","C"
343,227,"C","CYS","112",NA,"Coil","135","19","24","0",NA,"-","-0.03","-0.02","1.28","core","C"
328,230,"C","GLY","120",NA,"Strand","138","20","20","0",NA,"-","-0.01","0.00","0.88","core","C"
332,220,"C","LEU","122",NA,"Strand","136","26","22","0",NA,"-","0.00","0.00","0.00","core","C"
325,215,"C","LEU","123",NA,"Strand","134","31","21","0",NA,"-","-0.03","-0.02","1.21","core","C"
332,213,"C","VAL","124",NA,"Strand","131","30","23","0",NA,"-","0.00","0.00","0.00","core","C"
328,207,"C","VAL","125",NA,"Strand","131","35","23","0",NA,"-","0.00","0.00","0.00","core","C"
333,201,"C","MET","126",NA,"Strand","128","36","25","0",NA,"-","0.00","0.00","0.00","core","C"
326,193,"C","HIS","130",NA,"Turn","135","43","25","0",NA,"-","-0.09","-0.01","5.59","core","C"
334,182,"C","GLY","143",NA,"Coil","145","44","29","1",NA,"-","-0.15","-0.11","5.98","core","C"
347,198,"C","GLY","150",NA,"Turn","139","33","29","2.8",NA,"-","0.00","0.00","0.00","core","C"
342,202,"C","GLY","153",NA,"Turn","142","33","27","7.4",NA,"-","0.00","0.00","0.00","core","C"
336,199,"C","ARG","154",NA,"Strand","144","36","26","8.4",NA,"-","0.00","0.00","0.00","core","C"
332,206,"C","VAL","156",NA,"Strand","145","34","24","4.2",NA,"-","0.00","0.00","0.00","core","C"
330,193,"C","GLN","165",NA,"Turn","149","41","26","6.9",NA,"-","0.00","0.00","0.00","core","C"
329,191,"C","PRO","166",NA,"Coil","146","42","26","3.5",NA,"-","0.00","0.00","0.00","core","C"
322,200,"C","PHE","174",NA,"Turn","141","41","23","0",NA,"-","0.00","0.00","0.05","core","C"
326,204,"C","PRO","186",NA,"Coil","125","37","23","13.3",NA,"-","0.00","0.00","0.18","core","C"
334,225,"C","ILE","190",NA,"Strand","133","22","22","0",NA,"-","0.00","0.00","0.00","core","C"
334,234,"C","LEU","192",NA,"Turn","136","16","21","14.2",NA,"-","0.00","0.00","0.00","core","C"
342,225,"C","SER","197",NA,"Strand","129","20","24","0",NA,"-","-0.01","-0.01","0.35","core","C"
340,220,"C","ALA","198",NA,"Strand","128","24","24","0",NA,"-","0.00","0.00","0.00","core","C"
339,218,"C","THR","199",NA,"Strand","124","25","24","0",NA,"-","0.00","0.00","0.00","core","C"
335,211,"C","LEU","200",NA,"Strand","125","30","24","0",NA,"-","0.00","0.00","0.00","core","C"
337,201,"C","VAL","202",NA,"Strand","123","35","26","0",NA,"-","0.00","0.00","0.00","core","C"
343,176,"C","MET","210",NA,"Turn","123","43","32","0.1",NA,"-","-0.05","0.04","4.32","core","C"
343,176,"C","SER","212",NA,"Strand","131","43","32","2.3",NA,"-","-0.02","0.01","2.06","core","C"
346,185,"C","MET","213",NA,"Turn","130","39","31","0.3",NA,"-","0.00","0.00","0.00","core","C"
336,188,"C","ASN","218",NA,"Coil","129","41","28","0.2",NA,"-","0.00","0.00","0.00","core","C"
333,195,"C","TRP","219",NA,"Strand","127","39","26","0",NA,"-","0.00","0.00","0.00","core","C"
336,205,"C","LEU","221",NA,"Strand","133","33","25","0",NA,"-","0.00","0.00","0.00","core","C"
331,205,"C","VAL","222",NA,"Strand","135","35","24","0",NA,"-","0.00","0.00","0.00","core","C"
332,213,"C","ILE","223",NA,"Strand","137","30","23","0",NA,"-","0.00","0.00","0.00","core","C"
327,218,"C","PRO","225",NA,"Strand","141","29","21","3.7",NA,"-","-0.12","0.10","11.13","core","C"
332,229,"C","LEU","229",NA,"Strand","144","20","21","13.3",NA,"-","0.00","0.00","0.00","core","C"
344,220,"C","ILE","240",NA,"Strand","138","23","25","0",NA,"-","0.00","0.00","0.00","core","C"
348,212,"C","VAL","242",NA,"Strand","134","26","27","0",NA,"-","0.00","0.00","0.00","core","C"
348,206,"C","ILE","244",NA,"Strand","129","29","28","0",NA,"-","0.00","0.00","0.00","core","C"
352,206,"C","SER","245",NA,"Strand","125","28","29","0",NA,"-","0.00","0.00","0.00","core","C"
353,201,"C","PRO","246",NA,"Strand","125","30","30","0",NA,"-","0.00","0.00","0.00","core","C"
350,201,"C","MET","247",NA,"Strand","120","31","29","11.2",NA,"-","-0.17","-0.12","6.85","core","C"
355,191,"C","ALA","249",NA,"Strand","122","34","32","0",NA,"-","0.00","0.00","0.00","core","C"
353,182,"C","GLU","250",NA,"Strand","120","38","33","0.6",NA,"-","0.00","0.00","0.06","core","C"
356,182,"C","PHE","251",NA,"Strand","125","37","34","0",NA,"-","0.00","0.00","0.00","core","C"
